-- --------------------------------------------------------
-- Servidor:                     127.0.0.1
-- Versão do servidor:           5.7.24 - MySQL Community Server (GPL)
-- OS do Servidor:               Win64
-- HeidiSQL Versão:              10.2.0.5599
-- --------------------------------------------------------

/*!40101 SET @OLD_CHARACTER_SET_CLIENT=@@CHARACTER_SET_CLIENT */;
/*!40101 SET NAMES utf8 */;
/*!50503 SET NAMES utf8mb4 */;
/*!40014 SET @OLD_FOREIGN_KEY_CHECKS=@@FOREIGN_KEY_CHECKS, FOREIGN_KEY_CHECKS=0 */;
/*!40101 SET @OLD_SQL_MODE=@@SQL_MODE, SQL_MODE='NO_AUTO_VALUE_ON_ZERO' */;


-- Copiando estrutura do banco de dados para db_aula_slide_v2
CREATE DATABASE IF NOT EXISTS `db_aula_slide_v2` /*!40100 DEFAULT CHARACTER SET utf8mb4 COLLATE utf8mb4_bin */;
USE `db_aula_slide_v2`;

-- Copiando estrutura para tabela db_aula_slide_v2.cliente
CREATE TABLE IF NOT EXISTS `cliente` (
  `id` int(11) NOT NULL AUTO_INCREMENT,
  `cpf` char(12) COLLATE utf8_bin DEFAULT NULL,
  `nome` varchar(100) COLLATE utf8_bin DEFAULT NULL,
  `idade` int(11) DEFAULT NULL,
  `celular` char(15) COLLATE utf8_bin DEFAULT NULL,
  `email` varchar(100) COLLATE utf8_bin DEFAULT NULL,
  `rua` varchar(100) COLLATE utf8_bin DEFAULT NULL,
  `bairro` varchar(100) COLLATE utf8_bin DEFAULT NULL,
  `cidade` varchar(100) COLLATE utf8_bin DEFAULT NULL,
  `uf` char(2) COLLATE utf8_bin DEFAULT NULL,
  `sexo` varchar(3) COLLATE utf8_bin DEFAULT NULL,
  PRIMARY KEY (`id`)
) ENGINE=InnoDB AUTO_INCREMENT=259 DEFAULT CHARSET=utf8 COLLATE=utf8_bin;

-- Copiando dados para a tabela db_aula_slide_v2.cliente: ~258 rows (aproximadamente)
/*!40000 ALTER TABLE `cliente` DISABLE KEYS */;
INSERT INTO `cliente` (`id`, `cpf`, `nome`, `idade`, `celular`, `email`, `rua`, `bairro`, `cidade`, `uf`, `sexo`) VALUES
	(1, '87901081657', 'Kiko', 25, '1-525-236-2021', 'marc16@example.com', '', 'Suite 780', 'Chapecó', '', 'Mrs'),
	(2, '61015200568', 'João', 48, '1-980-978-3596x', 'abbott.jazmin@example.net', '766 Dooley Squares Apt. 759\nNew Justuschester, TX 60280', 'Apt. 697', 'Chapecó', 'KS', 'Dr.'),
	(3, '13248878577', 'Chiquinha', 17, '', 'mayert.kylee@example.org', '632 Thad Branch Apt. 651\nPort Gerry, ID 92120-2166', 'Suite 536', 'Chapecó', 'NC', 'Mr.'),
	(4, '29918066179', 'Chaves', 72, '', 'marcelo.crist@example.net', '', 'Apt. 821', 'São Lourenço do Oeste', 'DE', 'Dr.'),
	(5, '57979162409', 'Dona Florinda', 29, '', 'bradtke.alison@example.org', '', 'Apt. 289', 'Xanxerê', '', 'Mis'),
	(6, '11361571587', 'Prof. Girafales', 73, '1-524-114-7323x', 'karolann67@example.com', '27563 Zieme Rest Suite 407\nFarrellberg, NC 49935', 'Apt. 149', 'São Lourenço do Oeste', 'VA', 'Dr.'),
	(7, '46996273519', 'Sr. Barriga', 64, '(023)590-2126x4', 'sonya67@example.org', '', 'Suite 484', 'Xanxerê', '', 'Mrs'),
	(8, '66621929919', 'Popis', 43, '', 'muller.annie@example.net', '', 'Apt. 032', 'Xanxerê', 'LA', 'Mr.'),
	(9, '89781685359', 'Dona Clotilde', 86, '1-212-333-6292x', 'uframi@example.net', '230 Delphia Garden Apt. 917\nPort Gerda, WV 63445-1223', 'Suite 933', 'Xanxerê', '', 'Mr.'),
	(10, '24258787930', 'Seu Madruga', 44, '08279654438', 'mae.lang@example.com', '', 'Apt. 211', 'Xaxin', 'KY', 'Ms.'),
	(11, '4085306450', 'Antônio Malique', 31, '1-461-608-3664x', 'crooks.conrad@example.net', '10569 Felton Neck\nQueenburgh, FL 67750-7769', 'Apt. 223', 'Xaxin', '', 'Dr.'),
	(12, '46313509717', 'Dr. America Gutmann PhD', 47, '00964847513', 'jwiegand@example.org', '', 'Apt. 967', 'Xaxin', '', 'Mrs'),
	(13, '82118966709', 'Ms. Jadyn Bartell DDS', 37, '565.848.6780x31', 'sedrick31@example.org', '3505 Bailey Shoals\nMcCulloughborough, MT 23055', 'Suite 575', 'Xaxin', '', 'Pro'),
	(14, '66119492100', 'Lynn Carter', 31, '752.318.2373x03', 'howell.alfonso@example.net', '4431 Erling Courts\nRebeccafurt, CA 72841', 'Suite 041', 'Florianopolis', '', 'Pro'),
	(15, '2726331353', 'Gavin Mayert', 9, '', 'zmurphy@example.com', '31831 Schaden Hollow Suite 406\nLonzoside, RI 04666-0475', 'Apt. 749', 'Florianopolis', '', 'Pro'),
	(16, '17963437596', 'Mr. Fidel Gorczany', 68, '(768)684-5597x1', 'fharvey@example.net', '', 'Apt. 347', 'Florianopolis', 'CO', 'Dr.'),
	(17, '30985727254', 'Bradford Roberts', 83, '541-820-9927x35', 'selmer.lind@example.net', '', 'Apt. 677', 'Florianopolis', '', 'Pro'),
	(18, '32923572883', 'Dr. Glen Schoen DDS', 22, '', 'oaufderhar@example.org', '', 'Suite 923', 'Florianopolis', '', 'Mr.'),
	(19, '65952423727', 'Delphia Dooley', 15, '', 'clarissa.hessel@example.net', '11907 Lauryn Vista\nWest Rachael, IN 84840-2944', 'Suite 396', 'Florianopolis', 'SC', 'Pro'),
	(20, '17204513261', 'Einar Yost', 40, '', 'swalsh@example.org', '49154 Nyasia Crossroad Suite 846\nSouth Diannahaven, CT 59994', 'Suite 712', 'Florianopolis', 'NJ', 'Pro'),
	(21, '11143121728', 'Caroline Mertz', 36, '(487)839-2772', 'xbecker@example.net', '1560 Marks Path Apt. 611\nNew Lorenza, AK 67867', 'Apt. 786', 'Florianopolis', '', 'Ms.'),
	(22, '80623043794', 'Price Beer', 81, '', 'srodriguez@example.com', '', 'Suite 451', 'Florianopolis', 'ME', 'Mrs'),
	(23, '17458021873', 'Caroline West', 87, '', 'jamir47@example.org', '', 'Apt. 097', 'Florianopolis', '', 'Mrs'),
	(24, '96906583942', 'Lisette Auer', 57, '', 'tracey74@example.net', '9049 Conor Drive\nEast Kenfurt, CO 01878-3269', 'Apt. 445', 'Caçador', '', 'Ms.'),
	(25, '5911594629', 'Delmer Oberbrunner', 24, '', 'dorthy.haley@example.org', '', 'Suite 772', 'Caçador', '', 'Mrs'),
	(26, '51855570031', 'Marielle Parker', 48, '', 'prosacco.vallie@example.org', '', 'Apt. 421', 'Caçador', 'AK', 'Mis'),
	(27, '579152256', 'Myrna Schaefer I', 32, '1-136-815-4988x', 'mueller.walker@example.org', '', 'Apt. 099', 'Caçador', '', 'Ms.'),
	(28, '34974071569', 'Catalina Franecki', 34, '', 'iprosacco@example.com', '', 'Suite 063', 'Caçador', '', 'Mis'),
	(29, '92759333224', 'Giuseppe Baumbach', 23, '', 'bridgette69@example.org', '410 Toy Unions Apt. 482\nLake Summer, VT 30991', 'Apt. 595', 'Caçador', 'CA', 'Dr.'),
	(30, '36878525419', 'Josephine Williamson', 62, '1-999-836-0475', 'piper.hoppe@example.net', '746 Akeem Groves\nWillmsview, NY 95433-4199', 'Apt. 947', 'Caçador', '', 'Pro'),
	(31, '5605300050', 'Prof. Louisa Hoeger', 65, '', 'marks.monroe@example.org', '81367 Lakin Oval\nLake Constantin, MS 54898', 'Apt. 237', 'Caçador', '', 'Mrs'),
	(32, '27926588803', 'Prof. Lourdes Glover I', 62, '', 'beatty.unique@example.com', '11685 Macejkovic Park\nPort Charlie, MI 42631', 'Apt. 948', 'São Lourenço do Oeste', 'ME', 'Ms.'),
	(33, '2824869332', 'Woodrow Bernier', 65, '(140)475-9848x9', 'nikita40@example.net', '', 'Suite 986', 'São Lourenço do Oeste', 'VA', 'Dr.'),
	(34, '84109984571', 'Ms. Stella Hegmann', 88, '', 'goldner.tod@example.org', '154 Paucek Plains Apt. 766\nNew Estell, WV 24302-6850', 'Suite 024', 'São Lourenço do Oeste', 'NH', 'Dr.'),
	(35, '76456312183', 'Ethelyn Kuhic', 59, '', 'sage.gusikowski@example.com', '6574 Helga Island\nMckenzieshire, PA 46358', 'Suite 655', 'São Lourenço do Oeste', '', 'Mr.'),
	(36, '48726453119', 'Missouri Wisoky', 13, '', 'micah32@example.net', '', 'Apt. 765', 'São Lourenço do Oeste', '', 'Mis'),
	(37, '53586291568', 'Hyman Harber', 2, '350-709-6980', 'tyree.glover@example.net', '53724 Gutmann Locks\nRheaberg, IA 27405-6170', 'Apt. 074', 'São Lourenço do Oeste', '', 'Pro'),
	(38, '56415155623', 'Dr. Princess Yost', 81, '', 'kristin90@example.com', '', 'Apt. 830', 'São Lourenço do Oeste', 'ND', 'Pro'),
	(39, '43912407569', 'Lavinia Halvorson', 88, '', 'tess.durgan@example.net', '', 'Apt. 113', 'São Lourenço do Oeste', '', 'Mr.'),
	(40, '66819422086', 'Greyson Price', 50, '', 'irving.oberbrunner@example.net', '', 'Suite 579', 'North Elyseville', '', 'Pro'),
	(41, '48460908606', 'Mr. Kian Weissnat DVM', 38, '+80(3)177772737', 'jonatan.walsh@example.com', '01226 Davonte Lane Suite 949\nTremblayberg, SC 34762-0466', 'Apt. 144', 'Lesterview', 'NJ', 'Ms.'),
	(42, '90911056706', 'Fay Schuppe I', 3, '', 'sawayn.amely@example.net', '', 'Apt. 761', '', '', 'Pro'),
	(43, '7997424434', 'Joshua Haley', 85, '(700)809-3016x9', 'mmclaughlin@example.net', '', 'Suite 953', 'Claireborough', 'AK', 'Dr.'),
	(44, '68375332094', 'Elfrieda Kiehn IV', 63, '', 'mariah.vonrueden@example.org', '', 'Apt. 215', 'Summerton', 'NV', 'Dr.'),
	(45, '16775111574', 'Fern Mueller', 85, '(554)744-2808', 'florencio.ferry@example.net', '35747 Ashly Brooks Apt. 476\nElenorbury, NV 58676-3602', 'Apt. 174', 'Powlowskiland', 'LA', 'Ms.'),
	(46, '49655434535', 'Skye Ullrich', 85, '', 'louie86@example.com', '339 Volkman Parks Apt. 052\nVerniefurt, SD 11738', 'Suite 066', '', '', 'Dr.'),
	(47, '38336725952', 'Tressie Cassin', 7, '594-439-0683x31', 'bbergstrom@example.net', '230 Carley Via Apt. 269\nSchulistton, AZ 26929-3604', 'Suite 242', 'West Jordon', '', 'Mr.'),
	(48, '5412290943', 'Toney Morar', 19, '', 'melvina92@example.com', '08786 Stanton Rapid\nSouth Laviniaton, NJ 54991-9475', 'Suite 410', 'Cartwrightville', '', 'Pro'),
	(49, '69853236060', 'Miss Daisha Kshlerin III', 13, '05875432740', 'bharris@example.net', '', 'Suite 339', '', '', 'Mrs'),
	(50, '87259209761', 'Prof. Kailey Blanda DVM', 3, '', 'luettgen.sanford@example.com', '906 Rodrigo Well Suite 468\nSouth Maggieton, KS 67150-9619', 'Apt. 245', 'Port Helen', '', 'Dr.'),
	(51, '82406975887', 'Markus Hane', 22, '1-909-319-3586x', 'blebsack@example.com', '0599 Arlo Valley\nGrahamport, TN 60388', 'Apt. 991', '', '', 'Mis'),
	(52, '24511691043', 'Fredy Kutch IV', 7, '1-570-364-0999', 'pattie.goldner@example.org', '916 Harvey Summit\nHagenestown, MI 43164', 'Suite 678', '', '', 'Dr.'),
	(53, '90874606696', 'Kavon Dooley DVM', 17, '561.349.6400', 'breitenberg.sarina@example.com', '719 Cassie Plains\nNew Johanmouth, UT 92673-9739', 'Apt. 551', 'East Guiseppehaven', '', 'Ms.'),
	(54, '87730464199', 'Prof. Lyla Connelly PhD', 80, '', 'edythe.barton@example.org', '', 'Apt. 047', 'East Lindaside', '', 'Mr.'),
	(55, '11083481274', 'Gennaro White', 22, '(367)275-9475', 'klocko.donnie@example.org', '37946 Santos Centers\nPort Jovannymouth, MD 94147-9255', 'Suite 126', '', '', 'Dr.'),
	(56, '99202445801', 'Greta Reilly', 58, '', 'blanda.efren@example.net', '615 Davis Inlet Suite 479\nEulaborough, VT 50211-5460', 'Suite 162', '', '', 'Mr.'),
	(57, '36011095810', 'Osbaldo Olson', 87, '852.872.4265', 'earline.herman@example.org', '168 Weissnat Pass\nHarberberg, OH 13526', 'Apt. 322', '', '', 'Mis'),
	(58, '81890299636', 'Garett Hills MD', 5, '', 'bryana.yundt@example.net', '720 Hyatt Forks\nHoweview, AR 35522', 'Suite 414', '', 'NV', 'Mrs'),
	(59, '84389413194', 'Van Konopelski', 24, '120.700.1985', 'mariela.kovacek@example.com', '', 'Suite 640', 'Lake Shaneberg', '', 'Pro'),
	(60, '67406161641', 'Angelita Gibson', 41, '', 'cora73@example.com', '8431 Sheila Mill Apt. 118\nEast Pascale, MD 03767', 'Suite 254', '', 'NV', 'Dr.'),
	(61, '83783930307', 'Barry Rowe', 10, '(017)767-1816', 'barton.parker@example.com', '9647 Carter Orchard\nNorth Caliberg, IL 68000-3138', 'Apt. 169', '', 'MT', 'Mrs'),
	(62, '3660932555', 'Karolann Conn', 57, '', 'bergnaum.mattie@example.com', '', 'Suite 094', '', '', 'Dr.'),
	(63, '43005263', 'Rose Gibson', 20, '(721)088-0950x7', 'ebreitenberg@example.com', '', 'Suite 027', 'North Janiyaville', '', 'Pro'),
	(64, '64536030404', 'Porter Maggio IV', 78, '', 'denesik.pedro@example.com', '', 'Apt. 817', '', '', 'Mr.'),
	(65, '55919032637', 'Frida Bartoletti', 12, '', 'ebraun@example.org', '', 'Suite 071', '', 'MD', 'Mis'),
	(66, '81646502902', 'Mathew Cummerata', 81, '(685)960-5465', 'santos.jacobs@example.net', '', 'Apt. 771', 'North Lori', 'MI', 'Pro'),
	(67, '42139212740', 'Madisen Schowalter', 74, '(525)762-6367x2', 'greyson72@example.org', '073 Maryjane Port Apt. 128\nBrielleberg, CT 76055', 'Suite 919', '', '', 'Mr.'),
	(68, '74528892897', 'Mossie Daugherty', 85, '', 'federico40@example.net', '', 'Apt. 400', 'Kimberlyview', '', 'Dr.'),
	(69, '47813418740', 'Douglas Barrows I', 34, '', 'hal.schuppe@example.com', '', 'Suite 752', '', 'MI', 'Dr.'),
	(70, '99123532371', 'Bethel Adams', 21, '', 'howell.lupe@example.org', '2154 Mills Throughway Suite 879\nCasimirside, DC 18792', 'Apt. 358', '', '', 'Ms.'),
	(71, '86893941182', 'Prof. Adrienne Fahey MD', 38, '', 'grant.weissnat@example.org', '', 'Apt. 849', '', '', 'Ms.'),
	(72, '98820136208', 'Rosetta Homenick', 80, '09995375566', 'obotsford@example.org', '', 'Suite 674', '', 'KS', 'Pro'),
	(73, '26086209900', 'Nicklaus Franecki PhD', 28, '', 'chanel30@example.net', '', 'Apt. 131', '', '', 'Ms.'),
	(74, '92722015175', 'Yasmin Blick', 8, '', 'malcolm.veum@example.net', '9864 Predovic Circle\nStarkview, NY 53952', 'Suite 057', 'Port Kira', '', 'Pro'),
	(75, '3387593058', 'Christine McDermott', 78, '(271)819-6811', 'isabell47@example.org', '', 'Apt. 238', '', 'FL', 'Dr.'),
	(76, '98453251039', 'Armand Koepp III', 56, '(542)971-2652x7', 'kenyon14@example.org', '', 'Suite 147', 'Opalmouth', 'CO', 'Pro'),
	(77, '60969762457', 'Marcelo Rogahn MD', 26, '', 'vandervort.hulda@example.net', '', 'Apt. 275', 'Darefurt', '', 'Ms.'),
	(78, '4221401689', 'Prof. Stephania Kris V', 45, '(255)914-1647', 'wade.emmerich@example.net', '9385 Shanahan Crest\nPort Feliciaburgh, RI 70197-3971', 'Suite 698', 'North Godfrey', '', 'Mr.'),
	(79, '78015737794', 'Beatrice Rohan DVM', 25, '446.393.5793x95', 'rgibson@example.org', '', 'Apt. 910', '', '', 'Ms.'),
	(80, '66488209832', 'Dr. Boyd Powlowski Sr.', 18, '988.237.4960x42', 'pjerde@example.org', '56039 Candida Garden\nDallasfurt, KS 07605', 'Apt. 144', 'Lake Montechester', 'NH', 'Mis'),
	(81, '35222988575', 'Miss Graciela Collins', 7, '569-745-9193x40', 'monserrate25@example.net', '', 'Suite 210', 'New Zulahaven', 'MN', 'Pro'),
	(82, '15173029806', 'Dr. Drew Rice V', 34, '1-076-788-1149x', 'giovani12@example.org', '', 'Apt. 264', 'Malindaberg', 'NJ', 'Dr.'),
	(83, '94049646798', 'Guillermo Bradtke', 26, '', 'pbernhard@example.org', '15051 Graham Well\nBahringertown, CT 32453', 'Apt. 348', '', 'AL', 'Pro'),
	(84, '38565972680', 'Chanel Bechtelar', 45, '1-593-699-1693x', 'lmonahan@example.com', '', 'Suite 639', '', '', 'Pro'),
	(85, '12028276314', 'Mercedes Hudson', 42, '1-950-914-1238', 'mckenzie.kenyatta@example.net', '17368 Aufderhar Crescent Apt. 774\nNew Albert, NH 44516', 'Apt. 989', '', '', 'Mis'),
	(86, '35855019139', 'Roderick Deckow', 84, '', 'kiehn.jerrold@example.net', '974 Domenica Green\nLake Onieborough, IA 34846-4197', 'Apt. 619', 'Jacklynchester', 'ND', 'Mr.'),
	(87, '11382521130', 'Ms. Missouri Heathcote', 18, '', 'seffertz@example.com', '3454 Mariana Flat Suite 779\nAlainaside, KS 56096', 'Suite 407', '', 'ME', 'Dr.'),
	(88, '82351168664', 'Glenda Schiller', 45, '', 'kertzmann.arlene@example.net', '74887 Funk Junction\nNew Anabelhaven, IA 69451-1818', 'Suite 431', 'Rodrigofurt', '', 'Pro'),
	(89, '17535830475', 'Rickie Hahn', 26, '(997)441-7479x2', 'salma42@example.net', '', 'Apt. 339', 'Jenkinsburgh', '', 'Dr.'),
	(90, '19937200751', 'Mandy Hodkiewicz MD', 70, '058.328.9769', 'koss.juana@example.net', '', 'Apt. 862', 'Allanton', 'MO', 'Pro'),
	(91, '67007295833', 'Emelie Ritchie', 16, '(362)728-8662x7', 'tyree.crooks@example.net', '', 'Suite 812', 'Lake Veronicachester', 'AR', 'Dr.'),
	(92, '76100846985', 'Mrs. Velda Heller IV', 9, '', 'donnelly.will@example.org', '17646 Kariane Walks\nJovaniview, MD 90468', 'Suite 180', 'Port Declan', '', 'Pro'),
	(93, '2642054622', 'Mrs. Alvera Kiehn Sr.', 11, '', 'chelsey47@example.net', '', 'Suite 065', '', 'NY', 'Dr.'),
	(94, '6598691642', 'Loyce O\'Connell', 11, '1-244-647-0118x', 'koelpin.theodore@example.org', '9582 Emelia Tunnel\nStoneburgh, OK 24159-2284', 'Suite 593', 'New Alexanne', 'NC', 'Dr.'),
	(95, '54478497104', 'Monroe Kautzer', 60, '09000366052', 'bayer.kian@example.org', '', 'Suite 278', '', 'NH', 'Pro'),
	(96, '21764912130', 'Mireille Will IV', 14, '03608956640', 'retta.gutmann@example.org', '6743 Ciara Lake Suite 815\nLake Annalisefort, NE 49391-7696', 'Suite 320', '', 'NE', 'Dr.'),
	(97, '30887061310', 'Prof. Oliver Lowe III', 42, '342-491-6578x82', 'fkemmer@example.org', '4888 Dominique Throughway\nEast Valentin, AR 19144-7179', 'Suite 747', '', 'AR', 'Dr.'),
	(98, '26129218610', 'Rosario Mayert', 80, '155.497.2243x20', 'alvena.dickinson@example.org', '362 Wilhelmine Station\nTurnerfurt, NH 61302', 'Suite 616', '', 'IA', 'Pro'),
	(99, '97174345562', 'Susanna Schoen', 46, '', 'omarquardt@example.com', '78675 Green Passage Apt. 026\nPort Brennanberg, NE 05447', 'Apt. 664', '', 'IL', 'Pro'),
	(100, '11213661357', 'Virginia Konopelski', 29, '624.718.3597x66', 'sjaskolski@example.org', '40614 Nienow Courts\nRaynormouth, DC 78056', 'Suite 756', 'Schulistfort', 'WA', 'Mis'),
	(101, '7985602738', 'Mr. Alfonso Schamberger PhD', 6, '1-390-105-0448x', 'mercedes76@example.org', '', 'Suite 614', 'West Tevinberg', '', 'Pro'),
	(102, '20766973588', 'Courtney Bayer', 85, '', 'lydia.cartwright@example.net', '3365 Leuschke Fort Apt. 562\nWest Sidneyville, VT 90104', 'Suite 075', '', '', 'Dr.'),
	(103, '94053647993', 'Fae Dach', 25, '', 'estell.ward@example.org', '357 Schiller Trafficway\nOttobury, MD 61095-9565', 'Apt. 892', '', '', 'Mr.'),
	(104, '97970266034', 'Stephany Dicki', 82, '', 'qkessler@example.net', '4794 Sister Streets\nNorth Brionna, UT 96514-1569', 'Suite 821', 'Kutchton', '', 'Mrs'),
	(105, '81095718033', 'Dr. Sheridan Harber', 72, '', 'dariana.steuber@example.org', '', 'Apt. 384', 'West Mariah', 'AZ', 'Dr.'),
	(106, '23172898823', 'Felicita Christiansen V', 6, '1-814-519-7454x', 'cortez04@example.net', '', 'Apt. 964', '', 'NH', 'Ms.'),
	(107, '43295917194', 'Brandi McGlynn', 16, '1-648-988-6186x', 'kruecker@example.com', '78004 Gerry Square Apt. 150\nWest Arvelchester, CA 85275', 'Apt. 055', '', '', 'Mr.'),
	(108, '44318300765', 'Amparo Haley', 53, '03923384073', 'xabbott@example.net', '5139 Kuhn Course Suite 564\nLake Hallie, IA 03140', 'Suite 319', 'Kerlukeport', '', 'Mr.'),
	(109, '89110324764', 'Shaniya Gutmann', 77, '283.208.9638x63', 'roel88@example.net', '', 'Suite 118', 'Terryview', '', 'Ms.'),
	(110, '67349116504', 'Alanis Renner', 76, '', 'breitenberg.jerrod@example.net', '', 'Apt. 765', '', '', 'Mis'),
	(111, '79733805870', 'Dr. Donnell Padberg', 75, '', 'ystehr@example.org', '', 'Apt. 868', '', 'VT', 'Mis'),
	(112, '71802557539', 'Prof. Diego Ferry Jr.', 71, '1-193-420-2598x', 'vschuster@example.net', '', 'Apt. 950', '', 'IL', 'Dr.'),
	(113, '49479173263', 'Dr. Reggie Hirthe MD', 88, '1-860-903-7259x', 'saul19@example.org', '', 'Suite 317', 'New Don', 'IA', 'Pro'),
	(114, '95826909644', 'Eulah Veum PhD', 85, '', 'lonnie.langosh@example.org', '', 'Apt. 132', 'Danielleland', '', 'Mr.'),
	(115, '72758438205', 'Jacinto Lockman', 17, '', 'yazmin13@example.com', '', 'Apt. 281', '', 'AL', 'Dr.'),
	(116, '50763294845', 'Marianna Grimes', 52, '', 'legros.francis@example.org', '88884 Goldner Plaza Suite 014\nAltenwerthburgh, MT 91678-1354', 'Suite 524', '', '', 'Dr.'),
	(117, '72152882115', 'Laurianne Rogahn', 53, '1-785-997-4221x', 'wintheiser.edgar@example.net', '', 'Apt. 644', '', '', 'Pro'),
	(118, '8621476218', 'Madisen Dickinson MD', 36, '1-863-303-2916', 'emanuel.vandervort@example.net', '', 'Apt. 923', '', '', 'Pro'),
	(119, '1293660188', 'Florian Cole', 51, '908-696-0331', 'dhintz@example.net', '859 Marquardt Garden\nNew Trentview, RI 94328-2461', 'Suite 018', '', 'NC', 'Pro'),
	(120, '4582393402', 'Vernice Walker II', 79, '', 'dare.aubree@example.com', '9269 Kelley Estate Apt. 014\nWest Darlene, WI 88372', 'Suite 486', '', 'GA', 'Ms.'),
	(121, '40358824608', 'Reta Ebert', 75, '', 'cmcclure@example.org', '53845 Schulist Roads\nNorth Abigaylestad, MI 35147-4340', 'Apt. 188', '', 'ME', 'Pro'),
	(122, '10777425067', 'Lane Morar III', 51, '', 'kody58@example.net', '', 'Suite 512', 'South Mariane', 'WA', 'Dr.'),
	(123, '28803368238', 'Mrs. Kirsten Koch', 4, '956.602.7248x27', 'jschinner@example.net', '187 Keeley Neck\nMurraychester, MN 05795-3784', 'Suite 181', 'Port Brendanside', '', 'Mr.'),
	(124, '13793481001', 'Prof. Kacey Mills', 11, '', 'curtis81@example.org', '', 'Suite 395', '', 'MD', 'Mis'),
	(125, '10849588224', 'Mrs. Ashlee D\'Amore DVM', 88, '', 'carmella30@example.com', '823 Erwin Estate\nSouth Florenciotown, SC 01489', 'Suite 292', '', '', 'Dr.'),
	(126, '36809722287', 'Dr. Francis Olson', 6, '', 'eliza03@example.org', '', 'Suite 756', '', 'NC', 'Ms.'),
	(127, '62146334769', 'Ilene Leannon', 63, '', 'ferry.linnie@example.com', '92861 Kara Divide Suite 010\nPrincestad, MT 96030', 'Apt. 662', 'Ariannachester', 'DE', 'Pro'),
	(128, '46552881598', 'Mr. Dedric Smitham I', 59, '', 'roberto87@example.net', '33898 Bergnaum Fords\nNeldafurt, AL 49037-0714', 'Suite 828', '', '', 'Mr.'),
	(129, '37031988473', 'Sid Smitham', 83, '1-458-743-4643x', 'hgoldner@example.com', '', 'Suite 316', 'South Arthurland', 'CO', 'Pro'),
	(130, '62120760791', 'Mr. Julius Goldner Sr.', 78, '1-033-052-2594x', 'erau@example.com', '357 Rudolph Street\nNew Abigaylefurt, WY 75587-5736', 'Apt. 167', 'Windlermouth', '', 'Mis'),
	(131, '72624482633', 'Donna Runolfsdottir', 90, '', 'modesta69@example.org', '74402 Clifford Plain Apt. 573\nNorth Thaddeus, MI 82968-9775', 'Apt. 418', '', 'WV', 'Ms.'),
	(132, '82647796999', 'Dr. Celestino Armstrong', 22, '(878)643-2575', 'swift.lillie@example.com', '', 'Suite 262', 'West Pinkbury', 'SC', 'Pro'),
	(133, '16646326938', 'Edmund Jast', 20, '1-494-709-6814x', 'zkreiger@example.net', '', 'Suite 669', '', 'UT', 'Pro'),
	(134, '13540626410', 'Beau Osinski', 62, '', 'cweimann@example.org', '53157 Mills Way Apt. 496\nNorth Ethel, WA 53638', 'Apt. 468', '', 'WY', 'Dr.'),
	(135, '68968361523', 'Miss Magnolia Gorczany Jr.', 70, '1-636-841-2191x', 'grimes.eloisa@example.net', '01765 Ettie Mall\nPort Margot, HI 42366', 'Apt. 471', 'North Nelle', '', 'Dr.'),
	(136, '39191684732', 'Dr. Diana Jacobson Sr.', 26, '', 'ziemann.bobbie@example.com', '0204 Homenick Lane Apt. 785\nNew Kathleenburgh, DC 45342-5101', 'Apt. 408', 'Fisherfurt', 'ID', 'Mrs'),
	(137, '56949257431', 'Aaliyah Rosenbaum V', 39, '', 'jspencer@example.org', '08216 Syble Village\nSouth Florine, FL 34021-1022', 'Suite 597', '', 'UT', 'Mrs'),
	(138, '59751475462', 'Dakota Lind', 50, '', 'jblock@example.org', '', 'Suite 559', '', '', 'Dr.'),
	(139, '17686259420', 'Annetta Willms', 33, '', 'hilll.marion@example.com', '', 'Suite 425', 'Majortown', '', 'Dr.'),
	(140, '79079472506', 'Dangelo Kreiger DDS', 27, '325-964-6604x11', 'psteuber@example.org', '2430 Bernier Course\nBrennaside, FL 86407', 'Suite 306', '', 'IL', 'Mis'),
	(141, '66999148065', 'Miss Courtney Schowalter', 71, '08381717100', 'kuhn.jayde@example.org', '78591 Bette Isle Apt. 670\nJuliaside, FL 46818-2737', 'Apt. 432', '', 'NE', 'Dr.'),
	(142, '63194373110', 'Braeden Schoen III', 35, '', 'jwintheiser@example.org', '', 'Apt. 030', 'South Justonview', '', 'Mis'),
	(143, '81905204476', 'Mrs. Bessie Fritsch MD', 86, '', 'jonas.green@example.com', '', 'Suite 759', 'Jacobsborough', '', 'Dr.'),
	(144, '99510153429', 'Neva Flatley', 76, '', 'fconnelly@example.net', '', 'Apt. 338', 'Port Murrayside', '', 'Pro'),
	(145, '730619113', 'Dax Donnelly', 13, '865.340.3480x39', 'groob@example.com', '775 Gutkowski Tunnel\nPort Jerrell, ND 27559', 'Apt. 997', '', '', 'Pro'),
	(146, '48049589665', 'Sophia Murphy', 57, '(797)141-7473x3', 'henri.grant@example.com', '08184 Heidenreich Lodge\nSchneiderport, SC 09615-4034', 'Suite 008', '', '', 'Dr.'),
	(147, '35841280454', 'Bradly Dickinson III', 56, '1-526-777-1906x', 'haylie58@example.com', '6657 Shanie Turnpike\nEast Daron, NC 82073-1796', 'Suite 825', 'Ludiemouth', 'OR', 'Pro'),
	(148, '17377364262', 'Ms. Shanel Mante', 80, '(461)848-0019', 'skye.bergstrom@example.com', '', 'Apt. 940', 'Vidastad', 'NV', 'Mr.'),
	(149, '43400085624', 'Hardy Barton IV', 75, '05271087622', 'santino.dickinson@example.com', '4098 Cummings Ramp\nNew Tonyfurt, HI 90565-9590', 'Suite 452', 'Joannyshire', '', 'Mis'),
	(150, '20410621585', 'Derick Conn', 76, '', 'jovanny.koss@example.org', '870 Winston Spring\nZoeystad, IA 63318', 'Suite 647', 'Port Nolan', 'ID', 'Mr.'),
	(151, '3517975425', 'Mrs. Sasha Orn III', 2, '', 'hcrist@example.com', '8346 Kilback Motorway Suite 308\nVladimirfort, NM 88302', 'Suite 443', 'Lake Citlalli', 'MI', 'Dr.'),
	(152, '16805428080', 'Shyanne Johnston', 22, '1-485-636-4893x', 'lorenza.bruen@example.net', '', 'Apt. 419', 'Lake Myahville', '', 'Pro'),
	(153, '42793135484', 'Crawford Langosh', 87, '', 'carmela.paucek@example.net', '098 O\'Hara Passage\nLake Rod, CT 56810', 'Apt. 667', '', '', 'Dr.'),
	(154, '3971578739', 'Adelia Koch', 27, '(020)434-7044x5', 'rkeeling@example.com', '69440 Abbott Wells\nArmandland, AL 60491', 'Suite 673', 'Odaside', 'WY', 'Dr.'),
	(155, '22002360224', 'Wiley Connelly', 76, '', 'sonya73@example.com', '', 'Suite 568', 'Pollichland', 'WA', 'Ms.'),
	(156, '39174230257', 'Rhett Fritsch', 89, '1-945-096-3136x', 'linwood82@example.org', '', 'Suite 629', '', '', 'Pro'),
	(157, '8784739347', 'Lindsay Bernhard', 44, '', 'iankunding@example.net', '47231 Dare Path Suite 967\nNew Carolynview, TN 88292-0335', 'Suite 090', 'Port Beatriceside', '', 'Mis'),
	(158, '61657559871', 'Liza Reichert', 75, '', 'kamryn51@example.com', '', 'Apt. 457', 'Port Louhaven', 'NE', 'Mr.'),
	(159, '22040957724', 'Will Carroll', 24, '343-187-5144x68', 'bradly.zulauf@example.com', '2879 Roxanne Road Suite 237\nCarmenfort, RI 45735-8897', 'Apt. 939', 'West Missouriview', 'OK', 'Dr.'),
	(160, '11599161103', 'Rosa Kshlerin PhD', 17, '', 'gorczany.liana@example.org', '1626 Bruen Drives Suite 163\nNorth Americatown, OK 65364-2049', 'Apt. 557', '', '', 'Mr.'),
	(161, '60986895300', 'Julius Harris', 23, '795-091-5813', 'lela11@example.net', '47646 Lenore Cliff Apt. 899\nEast Elvieshire, NE 13632', 'Apt. 189', '', '', 'Mrs'),
	(162, '65399314649', 'Javonte Simonis DVM', 26, '', 'zachariah85@example.net', '21139 Candelario Circle Apt. 632\nElijahside, SC 02549-7034', 'Suite 820', '', '', 'Mr.'),
	(163, '76697285240', 'Clyde Johnson', 82, '552-864-4050', 'claire51@example.com', '', 'Apt. 893', 'Lake Sierra', 'MA', 'Ms.'),
	(164, '24964092392', 'Prof. Consuelo Labadie MD', 75, '', 'paucek.aurelia@example.com', '3955 Lera Estates Apt. 875\nAbelmouth, LA 29369', 'Suite 784', 'New Ashly', 'FL', 'Pro'),
	(165, '23789458721', 'Coty Gibson', 63, '079.603.1455', 'delphia92@example.net', '', 'Suite 041', 'Lake Rosina', '', 'Mr.'),
	(166, '38515163306', 'Mr. Kristian Shanahan III', 85, '', 'kariane23@example.net', '', 'Suite 089', 'North Karineton', '', 'Dr.'),
	(167, '98512195795', 'Tyrese Schmidt PhD', 14, '977.302.1280x75', 'ihirthe@example.org', '', 'Suite 140', '', '', 'Dr.'),
	(168, '8376190578', 'Claud Hirthe', 89, '449.850.7255x04', 'turcotte.jennyfer@example.com', '1427 Metz Mission\nPort Ayana, HI 85504', 'Apt. 121', 'Lake Tamaraland', 'MD', 'Pro'),
	(169, '47478864155', 'Reid Hoppe', 86, '', 'ntromp@example.net', '64349 Maggio Place\nPort Rigoberto, MS 36397-4921', 'Suite 390', '', '', 'Pro'),
	(170, '9757782332', 'Ms. Nelle Baumbach', 32, '', 'lance74@example.org', '', 'Suite 507', 'Chloefurt', 'NV', 'Dr.'),
	(171, '72834104718', 'Jamal Effertz', 32, '396.387.7072x50', 'eldon86@example.org', '42287 McGlynn Island\nWest Petrafurt, NE 00303-2666', 'Apt. 788', 'Bettyside', '', 'Mr.'),
	(172, '1084787631', 'Levi Wehner', 17, '', 'rwyman@example.com', '1314 Schoen Path\nSouth Aidan, WV 91825-4816', 'Apt. 573', '', 'WY', 'Mis'),
	(173, '28989941487', 'Dr. Chauncey Schiller', 48, '970.744.3842', 'osimonis@example.com', '', 'Suite 331', '', 'OH', 'Mrs'),
	(174, '23109415033', 'Brice Quitzon', 16, '', 'wschuppe@example.net', '027 Leffler Mission Suite 125\nEast Patmouth, DC 18824-2261', 'Apt. 023', '', '', 'Dr.'),
	(175, '44363609887', 'Raul Hilpert Jr.', 28, '1-020-283-2617', 'marquardt.major@example.org', '', 'Suite 498', '', '', 'Ms.'),
	(176, '24631056748', 'Prof. Jennings Lockman MD', 31, '1-163-432-8620x', 'hermiston.arlene@example.com', '', 'Apt. 847', 'Janshire', 'AR', 'Pro'),
	(177, '41684404434', 'General Sporer', 28, '', 'predovic.stanton@example.org', '6748 Jaylin Underpass\nEast Jailynmouth, DC 89051-1388', 'Suite 704', 'Jaysonstad', '', 'Ms.'),
	(178, '99437705054', 'Miss Krystal Sporer PhD', 82, '895.578.2025x37', 'bradtke.emanuel@example.org', '', 'Apt. 109', '', 'NV', 'Pro'),
	(179, '5982970725', 'Suzanne Reichel I', 88, '00703961590', 'garrison93@example.org', '9448 Kreiger Plain\nArthurton, FL 77380', 'Apt. 149', '', '', 'Pro'),
	(180, '988490926', 'Virgil Spencer', 2, '', 'mauricio78@example.com', '', 'Apt. 235', 'Lake Marcelle', 'SD', 'Ms.'),
	(181, '73324233386', 'Tara Berge', 45, '1-514-761-1315', 'wiza.rosa@example.org', '6572 Haylee Light Apt. 298\nEast Kathleenchester, SD 56311', 'Suite 278', '', '', 'Dr.'),
	(182, '22305557876', 'Anabelle Kuhlman', 8, '', 'abbigail80@example.com', '24343 Sandra Stravenue Suite 552\nEast Finn, CT 11745-6735', 'Apt. 691', '', '', 'Dr.'),
	(183, '84869037382', 'Roxane Hamill I', 37, '118.603.2323x59', 'doug89@example.net', '12093 Kunze Springs\nRachaelside, NH 88525-0635', 'Suite 282', '', '', 'Mr.'),
	(184, '45976035017', 'Hermina Renner', 28, '', 'kennedy92@example.net', '021 Carter Corners\nPort Lincolnview, ID 15360', 'Apt. 377', 'Kutchstad', 'NE', 'Dr.'),
	(185, '17334458511', 'Miss Pearline Turcotte', 39, '', 'ukris@example.org', '', 'Suite 119', 'North Abraham', 'LA', 'Dr.'),
	(186, '39605965372', 'Dr. Cassandre Dicki', 41, '734-932-0779', 'owalsh@example.com', '', 'Suite 844', 'North Gabrielle', 'FL', 'Mr.'),
	(187, '39729803521', 'Trevor Conn', 66, '', 'marilyne82@example.net', '17125 Smitham Hills\nLake Lorena, IN 00776', 'Suite 563', '', '', 'Pro'),
	(188, '59811957413', 'Dr. Bennett Bernier', 67, '', 'cbeier@example.org', '', 'Apt. 151', 'Carleyfurt', 'MN', 'Ms.'),
	(189, '80747693730', 'Lew Brekke', 56, '1-314-246-2594x', 'ayla.hickle@example.com', '66553 Dejuan Spur\nElsamouth, OK 45764-5536', 'Suite 513', '', '', 'Mis'),
	(190, '80264180293', 'Adriel Mohr', 41, '', 'zgleason@example.net', '', 'Suite 956', '', 'MS', 'Mr.'),
	(191, '3146529151', 'Rossie Friesen', 69, '', 'hyatt.ottis@example.com', '13728 Bergstrom Mall Apt. 854\nPort Armand, NM 75890', 'Suite 873', '', 'NH', 'Dr.'),
	(192, '21623022714', 'Gilda Batz MD', 80, '', 'walsh.cristobal@example.net', '102 Melisa Junction\nSouth Jaunita, GA 40679', 'Suite 620', '', '', 'Dr.'),
	(193, '93700065463', 'Mr. Brett Schamberger', 61, '(103)816-7344x7', 'tevin.nitzsche@example.org', '', 'Apt. 223', '', '', 'Ms.'),
	(194, '79712637327', 'Prof. Dejon Fay', 36, '', 'progahn@example.com', '', 'Suite 421', 'New Ettieborough', '', 'Dr.'),
	(195, '3715886780', 'Zane Moen', 37, '534-219-5480x45', 'loy.west@example.com', '4402 Friesen Forge Suite 452\nBatzburgh, MD 03575-8591', 'Suite 569', '', '', 'Mrs'),
	(196, '83317941240', 'Jevon Kihn DDS', 62, '532.307.1298x98', 'newell86@example.org', '', 'Apt. 328', 'North Fritzchester', '', 'Pro'),
	(197, '87434335378', 'Keely Hyatt', 35, '106.479.5089x58', 'o\'hara.ashley@example.net', '', 'Apt. 930', 'Rempelmouth', '', 'Mr.'),
	(198, '88754911255', 'Mr. Khalil Rogahn', 47, '', 'nbins@example.net', '', 'Apt. 406', '', '', 'Ms.'),
	(199, '61082794703', 'Hattie Quigley MD', 66, '05865941182', 'igaylord@example.com', '85540 Amira Springs Suite 705\nStrackeberg, WY 65895-2156', 'Suite 804', '', '', 'Pro'),
	(200, '80162587994', 'Mrs. Kiera Erdman PhD', 26, '', 'omer30@example.com', '', 'Suite 706', 'New Electa', '', 'Dr.'),
	(201, '15314732305', 'Kevin Bosco', 20, '', 'welch.leslie@example.com', '13997 Nicholas Way Apt. 033\nNorth Greggville, ME 98550-8580', 'Apt. 007', 'Quigleychester', 'NM', 'Pro'),
	(202, '98945885291', 'Heaven Morissette II', 83, '(031)120-5400x3', 'berenice.donnelly@example.org', '1099 Cassidy Green Suite 535\nMilanchester, NC 21521-7901', 'Apt. 218', 'South Barrettmouth', 'MS', 'Mr.'),
	(203, '14543007453', 'Iva Nicolas Jr.', 69, '+66(7)569262732', 'conroy.drew@example.com', '', 'Apt. 538', '', '', 'Mrs'),
	(204, '41077184258', 'Thalia Mills', 15, '', 'alexandrine.cummings@example.org', '882 Mohr Walk\nFannieside, FL 72202-0294', 'Apt. 878', '', '', 'Mis'),
	(205, '10220290813', 'Prof. Tamia Veum', 23, '(520)597-1892', 'curtis20@example.com', '57621 Pink Village\nPort Ezequielfort, VT 11402-8573', 'Apt. 968', 'Binsborough', '', 'Pro'),
	(206, '45738910790', 'Tatum Streich', 63, '1-418-770-7005x', 'ejohnston@example.org', '', 'Apt. 052', '', 'MI', 'Dr.'),
	(207, '18544962210', 'Prof. Elza Friesen', 59, '', 'maribel.bernhard@example.com', '', 'Suite 767', 'Rickshire', '', 'Dr.'),
	(208, '69830295583', 'Sterling Stamm', 87, '', 'zemlak.shaniya@example.net', '', 'Apt. 089', 'South Lilian', 'RI', 'Pro'),
	(209, '28868758911', 'Tamia Satterfield II', 3, '', 'sherzog@example.net', '52131 Nat Loaf\nPort Jazlynport, NY 59954-6144', 'Apt. 519', 'Schaeferton', 'ID', 'Ms.'),
	(210, '5802205158', 'Mr. Scot Erdman V', 19, '', 'qwaters@example.org', '55506 Beryl Club Apt. 896\nNorth Delbert, MN 48630', 'Suite 567', 'Brendonberg', '', 'Dr.'),
	(211, '32678013900', 'Annie Langosh', 6, '(527)768-8455x8', 'cormier.kelton@example.com', '', 'Apt. 558', '', '', 'Dr.'),
	(212, '64473897451', 'Noel Hettinger', 13, '', 'malcolm.larkin@example.org', '', 'Suite 513', '', '', 'Ms.'),
	(213, '42246738774', 'Katherine Eichmann', 75, '', 'granville.sauer@example.net', '', 'Suite 139', '', 'NC', 'Mrs'),
	(214, '30559396790', 'Jessica Nolan IV', 23, '852.465.1390', 'astrid.berge@example.com', '73675 Zboncak Springs Apt. 715\nPeytonchester, CO 36926', 'Apt. 786', 'Port Richardstad', '', 'Dr.'),
	(215, '98295884998', 'Laron Lakin V', 45, '163.897.9097x34', 'sedrick.becker@example.net', '838 Von Street\nWest Elissa, ID 02914-6069', 'Apt. 436', '', 'OK', 'Mr.'),
	(216, '28828273108', 'Abdul Miller', 14, '(428)276-0758x9', 'langworth.karlie@example.org', '1597 Ankunding Valleys Suite 607\nCathrinechester, CT 99193-4957', 'Apt. 285', 'Daughertystad', 'VT', 'Mrs'),
	(217, '33125001564', 'Rene Lubowitz', 55, '', 'baylee.cremin@example.com', '70756 Kaylee Ferry Apt. 985\nEast Destin, MS 52473-8455', 'Apt. 131', 'Kemmerland', 'WV', 'Mrs'),
	(218, '38706840900', 'Alysha Larson', 42, '', 'kennedy98@example.com', '1890 Robb Rapids Apt. 140\nNorth Adriannaside, AK 38148-7032', 'Suite 180', '', 'TN', 'Mis'),
	(219, '77583980606', 'Benedict Cremin', 30, '1-421-229-8940', 'thaley@example.com', '', 'Apt. 805', 'Kuhicport', '', 'Dr.'),
	(220, '79993427591', 'Adriana Goyette', 86, '867-642-1324x90', 'cleora.daugherty@example.org', '606 Hegmann Dam\nBrekkeview, NE 40206-8894', 'Apt. 925', 'Cruzmouth', 'OK', 'Dr.'),
	(221, '6397942872', 'Kacie McKenzie', 61, '470-982-2482x85', 'gsimonis@example.org', '', 'Apt. 888', 'West Alfredville', 'MS', 'Dr.'),
	(222, '47188953869', 'Adrian Nitzsche', 7, '', 'vhuels@example.org', '620 Breitenberg Pike\nNorth Ernabury, ND 16347', 'Apt. 807', 'East Stanford', 'LA', 'Mr.'),
	(223, '51661009760', 'Jade Considine', 26, '', 'jwisoky@example.net', '6261 Zemlak Parks Apt. 714\nWest Geraldchester, AZ 69564-9515', 'Apt. 185', 'South Crawfordmouth', '', 'Mr.'),
	(224, '31994452560', 'Waylon Fisher', 62, '', 'hester.kovacek@example.org', '1280 Amie Mission\nHuelshaven, DE 37574', 'Suite 919', 'Port Jarvis', '', 'Mrs'),
	(225, '71049997583', 'Mr. Marlon Bernhard III', 77, '', 'laney05@example.net', '070 Chaz Creek Apt. 607\nHeidenreichmouth, ID 17347-2827', 'Suite 229', '', '', 'Pro'),
	(226, '65549944946', 'Beau Hoppe', 25, '', 'shanel.willms@example.com', '', 'Apt. 715', 'Zboncakstad', '', 'Dr.'),
	(227, '89565214980', 'Ms. Dayana O\'Keefe', 68, '', 'barrows.vicente@example.com', '40135 Koss Land\nSouth Howard, IL 20151-5131', 'Apt. 641', '', 'MN', 'Mis'),
	(228, '23411823855', 'Lourdes Jast', 57, '', 'beryl21@example.org', '6499 Clementine Turnpike\nSouth Othamouth, TN 39788-3614', 'Apt. 843', 'Hermistonborough', '', 'Mr.'),
	(229, '93654476013', 'Sammy Labadie Sr.', 53, '', 'schmitt.reyes@example.com', '3486 Kristopher Estate Apt. 755\nNew Laceyfort, NV 62459-6412', 'Apt. 688', '', 'SC', 'Mr.'),
	(230, '84172941697', 'Zachery Huel', 49, '', 'vemard@example.com', '90082 Raegan Course Suite 429\nEast Brittanyland, MT 89199-9353', 'Suite 745', '', 'RI', 'Mrs'),
	(231, '15516405738', 'Mr. Emmitt Corwin', 13, '', 'jayden03@example.org', '', 'Apt. 171', 'Tessieview', '', 'Pro'),
	(232, '68503261962', 'Miss Freeda Lehner', 22, '(786)128-1269x8', 'ischumm@example.com', '', 'Suite 303', '', 'MN', 'Mrs'),
	(233, '53615919500', 'Carolyn Sanford', 22, '970.381.6259x95', 'nheidenreich@example.org', '8672 Troy Bridge\nWizastad, NY 00970-4102', 'Apt. 817', '', '', 'Dr.'),
	(234, '334679055', 'Abigale Will II', 29, '', 'roderick.johnston@example.net', '401 Gutkowski Points Suite 404\nMarksshire, WI 00435-1605', 'Apt. 808', '', '', 'Dr.'),
	(235, '82984537677', 'Dr. Bart Leannon', 47, '(903)204-0179', 'linnea.parisian@example.org', '336 Shannon Extensions Suite 389\nEast Mary, IA 68052-2668', 'Suite 351', '', '', 'Mis'),
	(236, '10437016468', 'Maurine O\'Conner', 47, '505.114.2790x10', 'gusikowski.destinee@example.org', '', 'Suite 922', 'Schoenfort', 'MT', 'Dr.'),
	(237, '72537243971', 'Nickolas Cormier', 29, '', 'kyler81@example.org', '', 'Apt. 515', '', 'WY', 'Dr.'),
	(238, '34842060878', 'Chaya Purdy', 85, '1-728-035-4225x', 'elijah08@example.org', '8212 Heathcote Mission\nNew Brennaview, WY 50465', 'Apt. 663', '', '', 'Pro'),
	(239, '80068613449', 'Jan Schinner', 6, '926-676-9055', 'yasmine.luettgen@example.com', '7950 Collier Centers Suite 589\nEverettton, UT 03613', 'Suite 073', 'Chesterton', '', 'Dr.'),
	(240, '57014085259', 'Tate Witting', 69, '', 'gratke@example.com', '88326 Feest Streets Suite 129\nNorth Oswald, ID 76518', 'Apt. 836', 'Brennonfurt', '', 'Mis'),
	(241, '23012147704', 'Jewel Cruickshank', 77, '', 'jermain.stark@example.org', '76825 Prudence Route\nJoshuaport, DE 16923', 'Suite 874', 'Schultzfurt', '', 'Pro'),
	(242, '11808019597', 'Lilly Jast Jr.', 10, '', 'kovacek.walton@example.org', '', 'Suite 788', '', 'ND', 'Dr.'),
	(243, '18217231938', 'Miss Leonora Lowe PhD', 18, '828-095-8378x57', 'loma.langworth@example.com', '', 'Suite 065', '', 'AR', 'Pro'),
	(244, '50668836012', 'Emile Johnson', 29, '', 'patrick.will@example.org', '', 'Suite 472', 'Jenkinsmouth', 'PA', 'Dr.'),
	(245, '28569098329', 'Virgie Grimes', 15, '', 'nrutherford@example.net', '', 'Apt. 328', '', 'NM', 'Mr.'),
	(246, '61343153472', 'Mrs. Josephine Davis DDS', 34, '642-150-0727', 'vernice04@example.com', '', 'Apt. 000', '', 'WV', 'Pro'),
	(247, '14492054097', 'Rachelle Cremin', 24, '', 'kaylin43@example.org', '804 Weldon Light\nEast Shannon, AK 47217-9880', 'Apt. 432', '', '', 'Mr.'),
	(248, '67792160809', 'Dr. Sheridan Aufderhar', 83, '(887)378-1229', 'wehner.casey@example.org', '477 Bobbie Island\nKenyonfort, OR 69908', 'Apt. 901', '', 'RI', 'Pro'),
	(249, '33054070826', 'Osbaldo Feest', 56, '1-624-998-1793', 'qmiller@example.net', '', 'Apt. 008', '', '', 'Pro'),
	(250, '75281983241', 'Amira Pollich', 2, '144-470-8693x59', 'emmie65@example.com', '9179 Jackeline Shore Suite 111\nWehnerhaven, IN 24966', 'Suite 908', '', 'NE', 'Pro'),
	(251, '63081413693', 'Chanel Schulist', 48, '', 'vivian87@example.net', '09233 Roob Rest\nVernietown, VT 74455-5907', 'Suite 994', '', 'WY', 'Mr.'),
	(252, '31634991941', 'Ole Klocko DDS', 35, '(508)350-8140x3', 'preichert@example.org', '', 'Apt. 150', '', '', 'Dr.'),
	(253, '48047837708', 'Ardith Baumbach', 23, '+86(2)579523924', 'jaida.pagac@example.org', '26648 Paucek Parks\nColemouth, IA 06204-4887', 'Apt. 118', '', 'NY', 'Pro'),
	(254, '75474680820', 'Aidan Grant', 72, '324.731.3873', 'dovie.watsica@example.net', '108 Jimmie Station\nLizaton, NH 22322-5703', 'Suite 860', '', 'RI', 'Ms.'),
	(255, '94944481598', 'Katharina Wunsch', 46, '', 'hayes.wade@example.com', '', 'Suite 514', 'New Kaylah', '', 'Mis'),
	(256, '12831945298', 'Dr. Carey Schaefer PhD', 46, '', 'bode.candice@example.com', '', 'Suite 148', '', '', 'Mr.'),
	(257, '66160326357', 'Mr. Jillian Harris', 75, '', 'kkautzer@example.com', '18612 Leonora Curve\nLesleyburgh, WA 35200', 'Suite 275', '', '', 'Ms.'),
	(258, '18322972394', 'Ms. Callie Spinka PhD', 30, '766.201.8263', 'qklocko@example.org', '4741 Bruen Grove Apt. 164\nPort Hiram, UT 56126-2463', 'Suite 890', 'Lake Cheyenne', '', 'Dr.');
/*!40000 ALTER TABLE `cliente` ENABLE KEYS */;

-- Copiando estrutura para tabela db_aula_slide_v2.itens_pedido
CREATE TABLE IF NOT EXISTS `itens_pedido` (
  `id` int(11) NOT NULL AUTO_INCREMENT,
  `produto_id` int(11) NOT NULL DEFAULT '0',
  `pedido_id` int(11) NOT NULL DEFAULT '0',
  `quantidade` float NOT NULL DEFAULT '0',
  PRIMARY KEY (`id`),
  KEY `FK__produto` (`produto_id`),
  KEY `FK__pedido` (`pedido_id`),
  CONSTRAINT `FK__pedido` FOREIGN KEY (`pedido_id`) REFERENCES `pedido` (`id`),
  CONSTRAINT `FK__produto` FOREIGN KEY (`produto_id`) REFERENCES `produto` (`id`)
) ENGINE=InnoDB AUTO_INCREMENT=28 DEFAULT CHARSET=utf8mb4 COLLATE=utf8mb4_bin;

-- Copiando dados para a tabela db_aula_slide_v2.itens_pedido: ~16 rows (aproximadamente)
/*!40000 ALTER TABLE `itens_pedido` DISABLE KEYS */;
INSERT INTO `itens_pedido` (`id`, `produto_id`, `pedido_id`, `quantidade`) VALUES
	(1, 1, 1, 3),
	(2, 2, 1, 4),
	(3, 2, 2, 5),
	(4, 5, 3, 2000),
	(5, 7, 4, 50),
	(6, 10, 7, 15),
	(10, 8, 4, 4),
	(11, 3, 2, 6),
	(12, 3, 2, 5),
	(13, 9, 5, 3),
	(14, 5, 6, 7),
	(15, 4, 2, 100),
	(16, 6, 3, 3),
	(17, 6, 3, 600),
	(24, 11, 47, 1),
	(27, 12, 47, 1);
/*!40000 ALTER TABLE `itens_pedido` ENABLE KEYS */;

-- Copiando estrutura para tabela db_aula_slide_v2.pedido
CREATE TABLE IF NOT EXISTS `pedido` (
  `id` int(11) NOT NULL AUTO_INCREMENT,
  `cliente_id` int(11) DEFAULT NULL,
  `data_pedido` date DEFAULT NULL,
  `quantidade` decimal(9,2) DEFAULT NULL,
  PRIMARY KEY (`id`),
  KEY `FK_pedido_cliente` (`cliente_id`),
  CONSTRAINT `FK_pedido_cliente` FOREIGN KEY (`cliente_id`) REFERENCES `cliente` (`id`)
) ENGINE=InnoDB AUTO_INCREMENT=1001 DEFAULT CHARSET=utf8 COLLATE=utf8_bin;

-- Copiando dados para a tabela db_aula_slide_v2.pedido: ~1.000 rows (aproximadamente)
/*!40000 ALTER TABLE `pedido` DISABLE KEYS */;
INSERT INTO `pedido` (`id`, `cliente_id`, `data_pedido`, `quantidade`) VALUES
	(1, 1, '2019-09-11', 2.00),
	(2, 2, '2019-09-15', 0.00),
	(3, 1, '2019-09-15', 1.00),
	(4, 3, '2019-09-15', 5.00),
	(5, 3, '2019-09-16', 5.00),
	(6, 3, '2019-09-16', 0.00),
	(7, 4, '2019-09-16', 3.00),
	(8, 4, '2019-09-17', 8.00),
	(9, 4, '2019-09-17', 4.00),
	(10, 4, '2019-09-17', 8.00),
	(11, 5, '2019-09-19', 4.00),
	(12, 5, '2019-09-19', 5.00),
	(13, 6, '2019-09-19', 6.00),
	(14, 6, '1982-09-07', 7.00),
	(15, 6, '1998-06-01', 3.00),
	(16, 7, '1976-03-17', 9.00),
	(17, 7, '1978-11-28', 9.00),
	(18, 8, '1980-08-17', 8.00),
	(19, 8, '1977-03-11', 4.00),
	(20, 8, '2009-10-01', 1.00),
	(21, 8, '1972-11-24', 4.00),
	(22, 9, '1991-03-15', 0.00),
	(23, 9, '1987-07-09', 6.00),
	(24, 9, '2011-09-07', 9.00),
	(25, 9, '1986-01-17', 3.00),
	(26, 10, '2013-05-24', 0.00),
	(27, 10, '1977-05-06', 7.00),
	(28, 10, '2004-09-24', 3.00),
	(29, 10, '1999-08-22', 2.00),
	(30, 10, '2017-04-20', 1.00),
	(31, 10, '1983-01-02', 2.00),
	(32, 1, '1979-01-28', 2.00),
	(33, 1, '1974-11-01', 3.00),
	(34, 1, '2019-09-11', 4.00),
	(35, 7, '2019-09-11', 8.00),
	(36, 7, '2019-09-11', 8.00),
	(37, 7, '2019-09-15', 2.00),
	(38, 7, '2019-09-15', 4.00),
	(39, 7, '2019-09-15', 5.00),
	(40, 4, '2019-09-15', 1.00),
	(41, 4, '2019-09-15', 8.00),
	(42, 4, '2019-09-16', 8.00),
	(43, 10, '2019-09-16', 9.00),
	(44, 9, '2019-09-16', 8.00),
	(45, 10, '2019-09-16', 5.00),
	(46, 9, '2019-09-17', 0.00),
	(47, 11, '2019-09-17', 3.00),
	(48, 11, '2019-09-17', 6.00),
	(49, 9, '2019-09-17', 3.00),
	(50, 9, '2019-09-18', 3.00),
	(51, 8, '2019-09-18', 3.00),
	(52, 8, '2019-09-18', 2.00),
	(53, 8, '2019-09-18', 7.00),
	(54, 54, '2019-09-19', 0.00),
	(55, 55, '2019-09-19', 4.00),
	(56, 56, '2019-09-19', 8.00),
	(57, 57, '2019-09-19', 3.00),
	(58, 58, '2019-09-19', 3.00),
	(59, 59, '2019-09-20', 8.00),
	(60, 60, '2019-09-20', 9.00),
	(61, 61, '2019-09-20', 3.00),
	(62, 62, '2019-09-20', 5.00),
	(63, 63, '2019-09-20', 5.00),
	(64, 64, '1982-07-08', 1.00),
	(65, 65, '2004-05-11', 8.00),
	(66, 66, '1986-11-22', 9.00),
	(67, 67, '1971-11-29', 7.00),
	(68, 68, '1996-08-28', 0.00),
	(69, 69, '1998-11-19', 6.00),
	(70, 70, '1982-08-13', 6.00),
	(71, 71, '1982-11-24', 3.00),
	(72, 72, '1978-08-10', 9.00),
	(73, 73, '1975-09-29', 7.00),
	(74, 74, '2012-11-24', 5.00),
	(75, 75, '2006-11-27', 8.00),
	(76, 76, '1993-04-27', 8.00),
	(77, 77, '1996-12-26', 1.00),
	(78, 78, '1972-09-04', 4.00),
	(79, 79, '1971-07-05', 1.00),
	(80, 80, '2018-06-13', 7.00),
	(81, 81, '1996-01-09', 8.00),
	(82, 82, '1989-06-21', 4.00),
	(83, 83, '1986-11-22', 6.00),
	(84, 84, '1998-08-27', 9.00),
	(85, 85, '1997-06-05', 6.00),
	(86, 86, '1977-01-02', 5.00),
	(87, 87, '1990-09-01', 2.00),
	(88, 88, '2019-03-09', 5.00),
	(89, 89, '1988-07-08', 4.00),
	(90, 90, '2008-03-13', 0.00),
	(91, 91, '1988-07-18', 8.00),
	(92, 92, '1983-08-28', 3.00),
	(93, 93, '1984-05-19', 9.00),
	(94, 94, '1996-08-03', 4.00),
	(95, 95, '2001-12-03', 1.00),
	(96, 96, '1982-02-03', 0.00),
	(97, 97, '1977-01-25', 8.00),
	(98, 98, '2008-09-19', 6.00),
	(99, 99, '1998-07-21', 5.00),
	(100, 100, '1987-11-29', 1.00),
	(101, 101, '2005-08-24', 9.00),
	(102, 102, '1991-01-07', 3.00),
	(103, 103, '1984-09-02', 3.00),
	(104, 104, '1984-06-13', 3.00),
	(105, 105, '2008-06-28', 4.00),
	(106, 106, '1992-09-22', 0.00),
	(107, 107, '2018-09-10', 8.00),
	(108, 108, '1992-02-23', 3.00),
	(109, 109, '1981-12-30', 1.00),
	(110, 110, '2017-02-16', 4.00),
	(111, 111, '1991-05-25', 4.00),
	(112, 112, '1998-08-21', 7.00),
	(113, 113, '1983-05-16', 7.00),
	(114, 114, '1978-11-03', 8.00),
	(115, 115, '1992-01-30', 5.00),
	(116, 116, '2013-10-23', 0.00),
	(117, 117, '2003-08-03', 1.00),
	(118, 118, '2002-12-21', 5.00),
	(119, 119, '2005-11-22', 7.00),
	(120, 120, '1985-12-15', 4.00),
	(121, 121, '1994-10-08', 2.00),
	(122, 122, '2006-08-31', 8.00),
	(123, 123, '2019-07-13', 1.00),
	(124, 124, '1980-11-18', 6.00),
	(125, 125, '1971-04-15', 0.00),
	(126, 126, '2004-03-05', 7.00),
	(127, 127, '1992-10-04', 8.00),
	(128, 128, '1972-02-06', 0.00),
	(129, 129, '2017-10-25', 3.00),
	(130, 130, '1974-01-02', 8.00),
	(131, 131, '1972-02-12', 1.00),
	(132, 132, '2009-04-20', 9.00),
	(133, 133, '2016-07-02', 9.00),
	(134, 134, '1986-05-13', 7.00),
	(135, 135, '2014-04-13', 0.00),
	(136, 136, '1996-03-30', 8.00),
	(137, 137, '1986-08-05', 3.00),
	(138, 138, '1975-03-13', 0.00),
	(139, 139, '1988-09-29', 3.00),
	(140, 140, '1975-07-31', 4.00),
	(141, 141, '2006-03-18', 4.00),
	(142, 142, '1981-04-24', 5.00),
	(143, 143, '1973-04-21', 8.00),
	(144, 144, '2014-07-06', 9.00),
	(145, 145, '1983-11-02', 7.00),
	(146, 146, '1993-11-14', 9.00),
	(147, 147, '2019-02-11', 8.00),
	(148, 148, '2011-11-06', 1.00),
	(149, 149, '2015-12-07', 9.00),
	(150, 150, '1979-02-14', 5.00),
	(151, 151, '2016-01-22', 3.00),
	(152, 152, '1985-08-06', 4.00),
	(153, 153, '2005-01-16', 9.00),
	(154, 154, '2017-06-10', 8.00),
	(155, 155, '2017-04-20', 4.00),
	(156, 156, '1974-12-04', 9.00),
	(157, 157, '1973-06-03', 0.00),
	(158, 158, '1992-06-10', 9.00),
	(159, 159, '1997-08-15', 5.00),
	(160, 160, '2019-02-01', 3.00),
	(161, 161, '2010-09-29', 2.00),
	(162, 162, '1992-07-25', 7.00),
	(163, 163, '1993-06-15', 7.00),
	(164, 164, '1990-04-15', 6.00),
	(165, 165, '1989-11-15', 8.00),
	(166, 166, '2002-09-09', 8.00),
	(167, 167, '1975-11-09', 5.00),
	(168, 168, '1983-08-28', 8.00),
	(169, 169, '2014-01-12', 8.00),
	(170, 170, '2019-03-12', 5.00),
	(171, 171, '1997-04-23', 9.00),
	(172, 172, '1997-01-22', 9.00),
	(173, 173, '2010-12-23', 4.00),
	(174, 174, '2007-05-24', 6.00),
	(175, 175, '2009-06-25', 4.00),
	(176, 176, '1994-10-15', 0.00),
	(177, 177, '2017-02-15', 6.00),
	(178, 178, '2005-11-24', 3.00),
	(179, 179, '2007-01-30', 4.00),
	(180, 180, '1979-02-19', 7.00),
	(181, 181, '1985-06-11', 0.00),
	(182, 182, '1983-06-21', 5.00),
	(183, 183, '1986-01-24', 6.00),
	(184, 184, '1982-03-10', 1.00),
	(185, 185, '1982-03-25', 8.00),
	(186, 186, '1999-05-04', 9.00),
	(187, 187, '2015-07-13', 8.00),
	(188, 188, '1986-08-10', 0.00),
	(189, 189, '2002-04-02', 7.00),
	(190, 190, '2013-01-09', 4.00),
	(191, 191, '1970-11-10', 4.00),
	(192, 192, '2016-12-07', 8.00),
	(193, 193, '1978-10-29', 9.00),
	(194, 194, '1970-08-09', 4.00),
	(195, 195, '1973-12-26', 6.00),
	(196, 196, '2015-10-15', 0.00),
	(197, 197, '2007-11-28', 8.00),
	(198, 198, '1973-08-22', 2.00),
	(199, 199, '1991-11-11', 7.00),
	(200, 200, '1985-10-18', 7.00),
	(201, 201, '2010-08-08', 0.00),
	(202, 202, '1998-09-05', 0.00),
	(203, 203, '2003-08-29', 6.00),
	(204, 204, '1980-10-22', 3.00),
	(205, 205, '1981-01-14', 3.00),
	(206, 206, '2000-12-02', 1.00),
	(207, 207, '2010-09-01', 7.00),
	(208, 208, '1980-07-10', 7.00),
	(209, 209, '1993-09-03', 7.00),
	(210, 210, '1974-03-19', 6.00),
	(211, 211, '1974-05-28', 4.00),
	(212, 212, '1974-12-20', 3.00),
	(213, 213, '2017-01-05', 5.00),
	(214, 214, '1982-11-04', 3.00),
	(215, 215, '2017-06-06', 8.00),
	(216, 216, '1987-05-11', 1.00),
	(217, 217, '1985-05-31', 5.00),
	(218, 218, '2012-03-27', 1.00),
	(219, 219, '1984-07-06', 0.00),
	(220, 220, '2003-07-17', 2.00),
	(221, 221, '1980-03-06', 6.00),
	(222, 222, '1993-06-25', 3.00),
	(223, 223, '1972-03-28', 9.00),
	(224, 224, '1998-09-18', 4.00),
	(225, 225, '2017-05-26', 8.00),
	(226, 226, '2014-10-08', 0.00),
	(227, 227, '1976-10-16', 8.00),
	(228, 228, '2015-05-12', 7.00),
	(229, 229, '1983-01-18', 5.00),
	(230, 230, '2000-09-21', 0.00),
	(231, 231, '1991-02-06', 5.00),
	(232, 232, '2013-01-28', 8.00),
	(233, 233, '1981-10-09', 5.00),
	(234, 234, '2015-04-07', 7.00),
	(235, 235, '2001-06-18', 3.00),
	(236, 236, '1989-04-26', 9.00),
	(237, 237, '2014-04-16', 5.00),
	(238, 238, '2003-04-14', 9.00),
	(239, 239, '1987-11-13', 9.00),
	(240, 240, '1995-03-08', 1.00),
	(241, 241, '1978-09-20', 6.00),
	(242, 242, '2018-06-18', 3.00),
	(243, 243, '2005-06-10', 0.00),
	(244, 244, '1981-10-23', 4.00),
	(245, 245, '1994-10-08', 1.00),
	(246, 246, '1997-11-13', 8.00),
	(247, 247, '1983-11-09', 3.00),
	(248, 248, '2014-04-18', 1.00),
	(249, 249, '1980-10-31', 6.00),
	(250, 250, '1985-12-15', 7.00),
	(251, 251, '1972-09-01', 5.00),
	(252, 252, '1982-03-30', 9.00),
	(253, 253, '2016-02-19', 7.00),
	(254, 254, '1977-12-24', 1.00),
	(255, 255, '2011-01-24', 6.00),
	(256, 256, '1997-04-17', 8.00),
	(257, 257, '1992-12-29', 6.00),
	(258, 258, '2017-12-01', 0.00),
	(259, 1, '2016-10-13', 4.00),
	(260, 2, '1978-09-05', 9.00),
	(261, 3, '1998-09-03', 8.00),
	(262, 4, '1970-04-24', 3.00),
	(263, 5, '1973-01-29', 3.00),
	(264, 6, '1981-01-14', 2.00),
	(265, 7, '2013-04-06', 8.00),
	(266, 8, '1981-12-10', 5.00),
	(267, 9, '2004-05-29', 9.00),
	(268, 10, '1981-07-19', 8.00),
	(269, 11, '2003-11-07', 4.00),
	(270, 12, '2010-09-07', 6.00),
	(271, 13, '1997-06-27', 0.00),
	(272, 14, '2008-05-08', 3.00),
	(273, 15, '1975-05-07', 9.00),
	(274, 16, '2005-09-09', 9.00),
	(275, 17, '2019-07-23', 9.00),
	(276, 18, '1972-03-30', 3.00),
	(277, 19, '2016-09-06', 9.00),
	(278, 20, '1980-04-25', 7.00),
	(279, 21, '2005-12-24', 3.00),
	(280, 22, '1984-08-26', 3.00),
	(281, 23, '1971-12-01', 2.00),
	(282, 24, '1976-09-05', 4.00),
	(283, 25, '1990-05-08', 6.00),
	(284, 26, '1981-07-19', 9.00),
	(285, 27, '2019-10-08', 3.00),
	(286, 28, '1995-06-03', 2.00),
	(287, 29, '2009-06-20', 1.00),
	(288, 30, '2001-11-20', 7.00),
	(289, 31, '1973-11-21', 1.00),
	(290, 32, '1977-08-30', 4.00),
	(291, 33, '1972-11-29', 6.00),
	(292, 34, '1989-09-18', 8.00),
	(293, 35, '2019-03-03', 7.00),
	(294, 36, '1994-09-28', 1.00),
	(295, 37, '2018-11-29', 1.00),
	(296, 38, '2013-12-20', 2.00),
	(297, 39, '2006-12-15', 0.00),
	(298, 40, '2010-01-09', 0.00),
	(299, 41, '2007-03-16', 1.00),
	(300, 42, '1977-01-22', 3.00),
	(301, 43, '1984-09-18', 2.00),
	(302, 44, '1979-03-26', 7.00),
	(303, 45, '1971-12-23', 3.00),
	(304, 46, '2005-05-15', 6.00),
	(305, 47, '2008-10-22', 2.00),
	(306, 48, '1979-07-30', 4.00),
	(307, 49, '1997-08-07', 1.00),
	(308, 50, '1995-01-16', 8.00),
	(309, 51, '1983-02-15', 4.00),
	(310, 52, '1978-11-07', 4.00),
	(311, 53, '2011-11-26', 3.00),
	(312, 54, '1998-09-13', 9.00),
	(313, 55, '1982-10-12', 5.00),
	(314, 56, '1982-03-25', 3.00),
	(315, 57, '1980-09-12', 6.00),
	(316, 58, '2016-08-17', 5.00),
	(317, 59, '2018-01-01', 6.00),
	(318, 60, '1975-06-13', 6.00),
	(319, 61, '1971-04-12', 0.00),
	(320, 62, '1990-12-02', 4.00),
	(321, 63, '1971-02-13', 3.00),
	(322, 64, '1978-01-16', 8.00),
	(323, 65, '1973-05-19', 5.00),
	(324, 66, '1995-12-01', 3.00),
	(325, 67, '1988-01-12', 6.00),
	(326, 68, '1983-10-05', 4.00),
	(327, 69, '1978-02-17', 3.00),
	(328, 70, '1981-11-23', 6.00),
	(329, 71, '1996-03-23', 8.00),
	(330, 72, '1983-06-11', 1.00),
	(331, 73, '2012-10-28', 2.00),
	(332, 74, '1981-05-01', 4.00),
	(333, 75, '2005-02-24', 9.00),
	(334, 76, '1973-06-08', 8.00),
	(335, 77, '1980-07-09', 9.00),
	(336, 78, '1978-11-07', 3.00),
	(337, 79, '1977-01-04', 1.00),
	(338, 80, '1981-11-02', 7.00),
	(339, 81, '1992-05-05', 2.00),
	(340, 82, '2012-04-15', 0.00),
	(341, 83, '2012-02-05', 0.00),
	(342, 84, '1985-11-08', 7.00),
	(343, 85, '1978-05-03', 3.00),
	(344, 86, '1993-08-04', 3.00),
	(345, 87, '2010-07-23', 8.00),
	(346, 88, '2013-09-17', 1.00),
	(347, 89, '1988-07-01', 7.00),
	(348, 90, '2016-04-02', 4.00),
	(349, 91, '2000-10-01', 1.00),
	(350, 92, '1980-03-14', 5.00),
	(351, 93, '2008-12-24', 3.00),
	(352, 94, '1996-09-18', 5.00),
	(353, 95, '2019-01-25', 5.00),
	(354, 96, '2013-08-13', 6.00),
	(355, 97, '2012-12-09', 2.00),
	(356, 98, '1990-10-24', 6.00),
	(357, 99, '1977-05-24', 9.00),
	(358, 100, '2015-01-24', 5.00),
	(359, 101, '1977-02-13', 9.00),
	(360, 102, '1994-08-21', 4.00),
	(361, 103, '2002-08-06', 5.00),
	(362, 104, '1977-09-19', 2.00),
	(363, 105, '1982-01-30', 0.00),
	(364, 106, '1989-10-28', 5.00),
	(365, 107, '2011-01-31', 0.00),
	(366, 108, '2009-06-13', 8.00),
	(367, 109, '1973-12-17', 2.00),
	(368, 110, '2014-05-14', 4.00),
	(369, 111, '2014-08-11', 8.00),
	(370, 112, '1985-11-25', 2.00),
	(371, 113, '1989-06-23', 9.00),
	(372, 114, '1973-04-02', 0.00),
	(373, 115, '1998-08-10', 4.00),
	(374, 116, '2000-02-03', 3.00),
	(375, 117, '1997-04-02', 3.00),
	(376, 118, '1993-09-01', 0.00),
	(377, 119, '2012-11-18', 1.00),
	(378, 120, '2013-02-12', 3.00),
	(379, 121, '1986-04-28', 0.00),
	(380, 122, '1978-05-11', 5.00),
	(381, 123, '2011-02-15', 5.00),
	(382, 124, '2000-09-14', 6.00),
	(383, 125, '1992-10-07', 4.00),
	(384, 126, '1985-01-29', 7.00),
	(385, 127, '1993-04-26', 4.00),
	(386, 128, '2014-10-18', 6.00),
	(387, 129, '1978-11-27', 4.00),
	(388, 130, '2015-09-08', 7.00),
	(389, 131, '1994-11-20', 8.00),
	(390, 132, '1991-08-31', 3.00),
	(391, 133, '1994-02-16', 9.00),
	(392, 134, '1987-09-13', 1.00),
	(393, 135, '1990-01-12', 4.00),
	(394, 136, '2014-02-17', 3.00),
	(395, 137, '2010-05-25', 0.00),
	(396, 138, '2015-12-22', 5.00),
	(397, 139, '2005-08-02', 9.00),
	(398, 140, '1986-09-21', 1.00),
	(399, 141, '1982-03-23', 3.00),
	(400, 142, '2001-11-18', 1.00),
	(401, 143, '1995-05-01', 9.00),
	(402, 144, '1973-07-15', 4.00),
	(403, 145, '1980-02-27', 6.00),
	(404, 146, '1999-10-22', 8.00),
	(405, 147, '1975-12-13', 3.00),
	(406, 148, '2005-06-27', 3.00),
	(407, 149, '1995-03-08', 0.00),
	(408, 150, '1971-01-30', 5.00),
	(409, 151, '2014-08-30', 9.00),
	(410, 152, '1987-09-24', 8.00),
	(411, 153, '2003-07-07', 9.00),
	(412, 154, '2019-05-28', 6.00),
	(413, 155, '1985-04-29', 6.00),
	(414, 156, '1978-04-12', 3.00),
	(415, 157, '1998-03-17', 1.00),
	(416, 158, '2008-12-27', 6.00),
	(417, 159, '2019-05-04', 1.00),
	(418, 160, '1987-11-29', 4.00),
	(419, 161, '1990-12-16', 1.00),
	(420, 162, '1973-03-15', 2.00),
	(421, 163, '1977-11-11', 5.00),
	(422, 164, '2011-07-03', 0.00),
	(423, 165, '2008-03-08', 2.00),
	(424, 166, '2003-02-18', 5.00),
	(425, 167, '2014-03-23', 5.00),
	(426, 168, '2007-04-05', 9.00),
	(427, 169, '2007-07-20', 6.00),
	(428, 170, '1982-08-05', 0.00),
	(429, 171, '1994-05-14', 9.00),
	(430, 172, '2006-07-02', 8.00),
	(431, 173, '1998-12-21', 9.00),
	(432, 174, '1971-09-28', 5.00),
	(433, 175, '2001-10-30', 0.00),
	(434, 176, '2009-07-05', 7.00),
	(435, 177, '1981-03-21', 6.00),
	(436, 178, '1976-06-27', 7.00),
	(437, 179, '1977-12-12', 5.00),
	(438, 180, '1983-07-30', 1.00),
	(439, 181, '2008-02-24', 9.00),
	(440, 182, '2016-09-09', 9.00),
	(441, 183, '1986-11-28', 8.00),
	(442, 184, '2004-04-28', 3.00),
	(443, 185, '2005-01-15', 1.00),
	(444, 186, '2014-01-29', 2.00),
	(445, 187, '2002-10-10', 1.00),
	(446, 188, '1990-07-08', 9.00),
	(447, 189, '2000-04-12', 3.00),
	(448, 190, '1989-06-02', 4.00),
	(449, 191, '1982-12-03', 8.00),
	(450, 192, '1976-12-28', 0.00),
	(451, 193, '1970-10-18', 4.00),
	(452, 194, '2011-09-06', 9.00),
	(453, 195, '1999-01-28', 4.00),
	(454, 196, '1979-06-03', 2.00),
	(455, 197, '1987-01-22', 3.00),
	(456, 198, '1987-12-03', 0.00),
	(457, 199, '1972-03-17', 3.00),
	(458, 200, '1972-12-24', 5.00),
	(459, 201, '2015-12-17', 8.00),
	(460, 202, '2019-03-29', 6.00),
	(461, 203, '2006-03-28', 4.00),
	(462, 204, '1977-12-16', 2.00),
	(463, 205, '2000-12-12', 5.00),
	(464, 206, '1973-05-05', 1.00),
	(465, 207, '2014-07-01', 7.00),
	(466, 208, '2012-09-09', 6.00),
	(467, 209, '2008-03-18', 7.00),
	(468, 210, '1998-03-09', 1.00),
	(469, 211, '2009-04-04', 7.00),
	(470, 212, '1973-03-22', 9.00),
	(471, 213, '1995-12-24', 7.00),
	(472, 214, '2000-05-22', 6.00),
	(473, 215, '1980-10-04', 6.00),
	(474, 216, '1988-03-20', 0.00),
	(475, 217, '2010-11-09', 6.00),
	(476, 218, '2006-02-20', 1.00),
	(477, 219, '1977-07-11', 9.00),
	(478, 220, '2007-06-13', 9.00),
	(479, 221, '2006-08-22', 8.00),
	(480, 222, '2003-12-07', 2.00),
	(481, 223, '2015-02-23', 8.00),
	(482, 224, '2017-05-17', 7.00),
	(483, 225, '1974-01-26', 2.00),
	(484, 226, '1976-07-23', 8.00),
	(485, 227, '2017-12-19', 6.00),
	(486, 228, '1998-07-05', 7.00),
	(487, 229, '1970-04-15', 9.00),
	(488, 230, '2000-11-08', 6.00),
	(489, 231, '1973-07-12', 4.00),
	(490, 232, '2019-01-12', 6.00),
	(491, 233, '2003-11-27', 1.00),
	(492, 234, '1988-02-01', 6.00),
	(493, 235, '1995-08-27', 6.00),
	(494, 236, '2006-03-14', 8.00),
	(495, 237, '2007-11-12', 5.00),
	(496, 238, '1971-04-24', 3.00),
	(497, 239, '1984-06-13', 2.00),
	(498, 240, '1975-04-12', 5.00),
	(499, 241, '2018-12-15', 6.00),
	(500, 242, '1993-12-06', 4.00),
	(501, 243, '2000-01-20', 4.00),
	(502, 244, '1978-11-03', 5.00),
	(503, 245, '2003-02-10', 8.00),
	(504, 246, '1974-02-22', 7.00),
	(505, 247, '1993-03-13', 2.00),
	(506, 248, '1984-01-22', 8.00),
	(507, 249, '1972-01-14', 0.00),
	(508, 250, '1999-11-11', 1.00),
	(509, 251, '1983-05-21', 3.00),
	(510, 252, '1983-07-06', 2.00),
	(511, 253, '2011-07-04', 5.00),
	(512, 254, '2010-11-19', 3.00),
	(513, 255, '2017-11-28', 7.00),
	(514, 256, '1971-09-16', 0.00),
	(515, 257, '2019-08-04', 8.00),
	(516, 258, '2018-10-26', 0.00),
	(517, 1, '2004-06-01', 5.00),
	(518, 2, '1991-01-01', 8.00),
	(519, 3, '1980-10-07', 0.00),
	(520, 4, '1996-07-07', 9.00),
	(521, 5, '1992-02-04', 8.00),
	(522, 6, '1995-10-25', 6.00),
	(523, 7, '1986-02-02', 1.00),
	(524, 8, '1973-08-30', 9.00),
	(525, 9, '1985-04-19', 9.00),
	(526, 10, '1995-06-29', 5.00),
	(527, 11, '1980-12-04', 0.00),
	(528, 12, '1974-05-17', 5.00),
	(529, 13, '2005-04-25', 8.00),
	(530, 14, '1983-06-20', 2.00),
	(531, 15, '1996-06-28', 3.00),
	(532, 16, '1993-04-27', 7.00),
	(533, 17, '1990-09-30', 5.00),
	(534, 18, '2014-06-07', 3.00),
	(535, 19, '1993-09-03', 7.00),
	(536, 20, '2004-11-23', 1.00),
	(537, 21, '1982-03-15', 4.00),
	(538, 22, '2019-06-29', 5.00),
	(539, 23, '1973-01-11', 5.00),
	(540, 24, '1987-06-06', 6.00),
	(541, 25, '1991-07-06', 9.00),
	(542, 26, '1978-12-29', 2.00),
	(543, 27, '2015-04-16', 7.00),
	(544, 28, '2017-12-06', 0.00),
	(545, 29, '2017-04-11', 2.00),
	(546, 30, '1972-12-04', 1.00),
	(547, 31, '2014-04-15', 4.00),
	(548, 32, '1986-05-02', 9.00),
	(549, 33, '1994-06-22', 6.00),
	(550, 34, '2005-03-14', 9.00),
	(551, 35, '2006-08-12', 1.00),
	(552, 36, '1971-09-08', 2.00),
	(553, 37, '1999-05-24', 6.00),
	(554, 38, '1992-01-21', 1.00),
	(555, 39, '2018-02-06', 0.00),
	(556, 40, '1999-05-07', 2.00),
	(557, 41, '1996-12-07', 0.00),
	(558, 42, '1995-11-18', 4.00),
	(559, 43, '2002-09-07', 6.00),
	(560, 44, '1972-05-19', 9.00),
	(561, 45, '2011-06-29', 0.00),
	(562, 46, '1991-09-18', 0.00),
	(563, 47, '1990-11-01', 6.00),
	(564, 48, '2019-06-10', 3.00),
	(565, 49, '1977-07-04', 6.00),
	(566, 50, '2016-08-17', 8.00),
	(567, 51, '1987-05-12', 2.00),
	(568, 52, '1971-07-09', 7.00),
	(569, 53, '1989-09-15', 3.00),
	(570, 54, '2017-01-18', 7.00),
	(571, 55, '2008-08-17', 5.00),
	(572, 56, '1981-10-08', 1.00),
	(573, 57, '2005-03-03', 9.00),
	(574, 58, '1976-09-10', 6.00),
	(575, 59, '2008-07-07', 5.00),
	(576, 60, '1994-05-31', 9.00),
	(577, 61, '2016-09-18', 0.00),
	(578, 62, '1984-03-09', 9.00),
	(579, 63, '1998-12-28', 2.00),
	(580, 64, '2014-01-10', 2.00),
	(581, 65, '1991-10-14', 5.00),
	(582, 66, '1979-02-22', 9.00),
	(583, 67, '1970-04-10', 6.00),
	(584, 68, '1987-09-14', 5.00),
	(585, 69, '2009-04-21', 7.00),
	(586, 70, '2015-09-08', 5.00),
	(587, 71, '1984-10-08', 8.00),
	(588, 72, '1972-01-03', 9.00),
	(589, 73, '1985-06-21', 5.00),
	(590, 74, '2017-03-14', 4.00),
	(591, 75, '1986-03-11', 2.00),
	(592, 76, '1973-11-11', 1.00),
	(593, 77, '1973-12-28', 2.00),
	(594, 78, '2018-11-22', 1.00),
	(595, 79, '2005-07-25', 3.00),
	(596, 80, '1997-11-28', 3.00),
	(597, 81, '1975-06-14', 3.00),
	(598, 82, '2002-08-13', 8.00),
	(599, 83, '1970-10-11', 8.00),
	(600, 84, '1972-12-15', 3.00),
	(601, 85, '2000-05-16', 8.00),
	(602, 86, '1971-05-14', 4.00),
	(603, 87, '1995-03-02', 7.00),
	(604, 88, '2008-05-03', 0.00),
	(605, 89, '1975-03-02', 6.00),
	(606, 90, '1975-09-04', 3.00),
	(607, 91, '2013-05-02', 3.00),
	(608, 92, '2007-05-08', 0.00),
	(609, 93, '1976-09-09', 9.00),
	(610, 94, '1981-07-18', 9.00),
	(611, 95, '1981-08-06', 3.00),
	(612, 96, '1983-06-27', 1.00),
	(613, 97, '1989-01-01', 5.00),
	(614, 98, '2009-11-29', 6.00),
	(615, 99, '1988-05-25', 6.00),
	(616, 100, '1994-01-16', 1.00),
	(617, 101, '2000-03-17', 4.00),
	(618, 102, '1995-08-27', 6.00),
	(619, 103, '1976-12-01', 8.00),
	(620, 104, '2006-12-14', 4.00),
	(621, 105, '1981-06-20', 8.00),
	(622, 106, '2005-03-31', 9.00),
	(623, 107, '1986-12-11', 3.00),
	(624, 108, '1989-01-24', 2.00),
	(625, 109, '2013-05-07', 5.00),
	(626, 110, '1999-07-03', 2.00),
	(627, 111, '1995-03-30', 6.00),
	(628, 112, '2017-05-06', 5.00),
	(629, 113, '1985-12-20', 3.00),
	(630, 114, '1977-01-07', 5.00),
	(631, 115, '1991-02-02', 1.00),
	(632, 116, '2008-06-30', 2.00),
	(633, 117, '2016-08-11', 0.00),
	(634, 118, '1979-01-16', 9.00),
	(635, 119, '1985-07-29', 9.00),
	(636, 120, '1986-04-02', 0.00),
	(637, 121, '1970-06-08', 3.00),
	(638, 122, '2009-01-21', 6.00),
	(639, 123, '1990-02-05', 2.00),
	(640, 124, '2019-01-03', 4.00),
	(641, 125, '1981-07-06', 7.00),
	(642, 126, '1979-08-08', 3.00),
	(643, 127, '1971-03-21', 9.00),
	(644, 128, '1997-02-20', 8.00),
	(645, 129, '2015-03-17', 3.00),
	(646, 130, '1978-04-17', 0.00),
	(647, 131, '1984-12-16', 9.00),
	(648, 132, '1970-05-31', 2.00),
	(649, 133, '2006-11-26', 4.00),
	(650, 134, '1986-06-04', 1.00),
	(651, 135, '1975-02-02', 7.00),
	(652, 136, '2004-10-10', 1.00),
	(653, 137, '1978-05-17', 3.00),
	(654, 138, '2003-07-03', 0.00),
	(655, 139, '1977-03-08', 0.00),
	(656, 140, '1995-02-16', 3.00),
	(657, 141, '1972-06-10', 2.00),
	(658, 142, '1978-08-01', 1.00),
	(659, 143, '1972-01-22', 9.00),
	(660, 144, '1984-11-05', 2.00),
	(661, 145, '1973-07-24', 0.00),
	(662, 146, '2005-08-12', 6.00),
	(663, 147, '2013-02-25', 1.00),
	(664, 148, '1970-06-19', 2.00),
	(665, 149, '2018-02-23', 5.00),
	(666, 150, '2017-01-07', 1.00),
	(667, 151, '1995-04-24', 9.00),
	(668, 152, '1981-10-14', 6.00),
	(669, 153, '1999-05-27', 2.00),
	(670, 154, '2008-12-23', 9.00),
	(671, 155, '2013-05-15', 9.00),
	(672, 156, '2012-05-27', 1.00),
	(673, 157, '1983-05-17', 9.00),
	(674, 158, '1973-11-07', 3.00),
	(675, 159, '1987-06-30', 1.00),
	(676, 160, '1997-10-31', 6.00),
	(677, 161, '2014-09-02', 8.00),
	(678, 162, '1992-08-10', 8.00),
	(679, 163, '1974-01-14', 9.00),
	(680, 164, '1973-12-24', 2.00),
	(681, 165, '1994-11-05', 6.00),
	(682, 166, '1992-01-08', 5.00),
	(683, 167, '1992-02-15', 2.00),
	(684, 168, '1984-10-28', 4.00),
	(685, 169, '2012-05-13', 5.00),
	(686, 170, '1978-09-15', 8.00),
	(687, 171, '1976-04-15', 1.00),
	(688, 172, '1985-11-20', 9.00),
	(689, 173, '1976-02-02', 1.00),
	(690, 174, '2008-10-04', 7.00),
	(691, 175, '1975-03-13', 7.00),
	(692, 176, '1981-09-10', 0.00),
	(693, 177, '1976-07-20', 6.00),
	(694, 178, '2005-12-20', 7.00),
	(695, 179, '1982-12-31', 6.00),
	(696, 180, '2014-09-25', 9.00),
	(697, 181, '2007-07-20', 7.00),
	(698, 182, '1989-03-19', 0.00),
	(699, 183, '1988-09-23', 6.00),
	(700, 184, '2000-10-02', 3.00),
	(701, 185, '1989-08-30', 5.00),
	(702, 186, '1987-10-09', 6.00),
	(703, 187, '1972-11-07', 9.00),
	(704, 188, '2009-05-17', 4.00),
	(705, 189, '1999-03-01', 3.00),
	(706, 190, '1996-12-27', 6.00),
	(707, 191, '1996-09-28', 9.00),
	(708, 192, '2010-09-20', 5.00),
	(709, 193, '1990-06-27', 8.00),
	(710, 194, '2013-03-09', 1.00),
	(711, 195, '1977-12-30', 7.00),
	(712, 196, '1985-08-17', 4.00),
	(713, 197, '1995-11-20', 3.00),
	(714, 198, '1973-07-16', 4.00),
	(715, 199, '1987-05-24', 2.00),
	(716, 200, '1974-05-13', 4.00),
	(717, 201, '1976-05-01', 7.00),
	(718, 202, '2003-04-06', 0.00),
	(719, 203, '1975-06-25', 5.00),
	(720, 204, '1995-04-10', 6.00),
	(721, 205, '2011-06-08', 4.00),
	(722, 206, '2012-10-21', 3.00),
	(723, 207, '2010-10-07', 6.00),
	(724, 208, '1982-03-12', 3.00),
	(725, 209, '1994-10-06', 6.00),
	(726, 210, '1970-04-20', 0.00),
	(727, 211, '1971-06-05', 6.00),
	(728, 212, '2002-09-07', 1.00),
	(729, 213, '1987-04-28', 5.00),
	(730, 214, '2000-10-12', 9.00),
	(731, 215, '1989-02-16', 2.00),
	(732, 216, '2018-11-06', 5.00),
	(733, 217, '1983-08-14', 7.00),
	(734, 218, '1988-11-19', 0.00),
	(735, 219, '2004-10-06', 3.00),
	(736, 220, '1970-04-16', 6.00),
	(737, 221, '1994-10-17', 0.00),
	(738, 222, '1999-01-17', 1.00),
	(739, 223, '2002-12-07', 2.00),
	(740, 224, '1982-03-30', 6.00),
	(741, 225, '2014-11-27', 2.00),
	(742, 226, '1974-12-02', 1.00),
	(743, 227, '1974-09-22', 3.00),
	(744, 228, '1974-11-16', 5.00),
	(745, 229, '1991-12-29', 5.00),
	(746, 230, '1981-01-20', 4.00),
	(747, 231, '1996-06-11', 1.00),
	(748, 232, '1983-12-14', 2.00),
	(749, 233, '1977-09-01', 4.00),
	(750, 234, '2008-03-05', 9.00),
	(751, 235, '2010-08-15', 2.00),
	(752, 236, '1995-05-23', 3.00),
	(753, 237, '1985-09-27', 2.00),
	(754, 238, '1978-02-13', 4.00),
	(755, 239, '2015-03-15', 5.00),
	(756, 240, '1976-06-05', 4.00),
	(757, 241, '1979-11-02', 9.00),
	(758, 242, '1989-10-30', 4.00),
	(759, 243, '1999-05-19', 4.00),
	(760, 244, '1998-06-01', 0.00),
	(761, 245, '1996-10-02', 0.00),
	(762, 246, '1972-04-07', 6.00),
	(763, 247, '1978-05-28', 9.00),
	(764, 248, '1979-12-18', 1.00),
	(765, 249, '1991-02-28', 1.00),
	(766, 250, '1994-01-25', 9.00),
	(767, 251, '2001-09-28', 9.00),
	(768, 252, '1981-10-05', 1.00),
	(769, 253, '1987-04-24', 1.00),
	(770, 254, '2010-02-15', 8.00),
	(771, 255, '1994-11-14', 9.00),
	(772, 256, '1991-08-18', 9.00),
	(773, 257, '2018-12-27', 9.00),
	(774, 258, '1979-10-20', 1.00),
	(775, 1, '1975-12-26', 1.00),
	(776, 2, '1979-09-27', 1.00),
	(777, 3, '1978-07-12', 9.00),
	(778, 4, '1975-02-18', 2.00),
	(779, 5, '2002-10-04', 8.00),
	(780, 6, '1974-04-11', 4.00),
	(781, 7, '2015-10-16', 6.00),
	(782, 8, '1994-02-24', 0.00),
	(783, 9, '1995-08-22', 6.00),
	(784, 10, '1990-10-03', 3.00),
	(785, 11, '1996-09-19', 5.00),
	(786, 12, '1994-02-26', 0.00),
	(787, 13, '2007-08-18', 0.00),
	(788, 14, '1980-02-15', 8.00),
	(789, 15, '2009-06-25', 0.00),
	(790, 16, '1994-10-01', 1.00),
	(791, 17, '1992-08-05', 1.00),
	(792, 18, '2012-11-16', 6.00),
	(793, 19, '1981-02-13', 8.00),
	(794, 20, '1975-07-03', 4.00),
	(795, 21, '2014-09-17', 8.00),
	(796, 22, '1971-08-02', 6.00),
	(797, 23, '1990-11-19', 0.00),
	(798, 24, '2014-10-28', 0.00),
	(799, 25, '1997-07-08', 9.00),
	(800, 26, '2015-04-16', 8.00),
	(801, 27, '2004-12-24', 1.00),
	(802, 28, '2011-12-06', 6.00),
	(803, 29, '1993-04-19', 7.00),
	(804, 30, '2009-02-02', 3.00),
	(805, 31, '1983-05-06', 5.00),
	(806, 32, '1997-06-10', 5.00),
	(807, 33, '2015-05-05', 1.00),
	(808, 34, '1991-10-22', 4.00),
	(809, 35, '1980-11-03', 3.00),
	(810, 36, '1999-09-01', 5.00),
	(811, 37, '2005-10-03', 5.00),
	(812, 38, '2002-10-10', 7.00),
	(813, 39, '2009-10-05', 4.00),
	(814, 40, '1980-09-16', 8.00),
	(815, 41, '2009-05-27', 8.00),
	(816, 42, '1988-07-08', 6.00),
	(817, 43, '1979-08-01', 9.00),
	(818, 44, '1977-03-10', 2.00),
	(819, 45, '2004-09-22', 4.00),
	(820, 46, '2013-12-28', 9.00),
	(821, 47, '1989-07-03', 7.00),
	(822, 48, '1970-11-17', 5.00),
	(823, 49, '2019-03-15', 2.00),
	(824, 50, '2013-01-13', 7.00),
	(825, 51, '2000-09-05', 0.00),
	(826, 52, '1985-01-18', 0.00),
	(827, 53, '2010-06-30', 8.00),
	(828, 54, '1991-07-26', 6.00),
	(829, 55, '1972-04-29', 3.00),
	(830, 56, '1971-05-13', 5.00),
	(831, 57, '1991-03-30', 1.00),
	(832, 58, '1975-01-21', 8.00),
	(833, 59, '1993-09-08', 2.00),
	(834, 60, '1971-04-07', 5.00),
	(835, 61, '2003-12-16', 2.00),
	(836, 62, '1988-07-20', 0.00),
	(837, 63, '1985-10-13', 3.00),
	(838, 64, '1980-06-16', 8.00),
	(839, 65, '1986-10-18', 5.00),
	(840, 66, '1989-03-16', 6.00),
	(841, 67, '2004-05-22', 7.00),
	(842, 68, '2014-12-06', 3.00),
	(843, 69, '1980-10-06', 5.00),
	(844, 70, '2002-06-04', 5.00),
	(845, 71, '2009-03-31', 0.00),
	(846, 72, '1984-12-16', 9.00),
	(847, 73, '1988-06-21', 5.00),
	(848, 74, '1998-03-11', 1.00),
	(849, 75, '1982-07-05', 2.00),
	(850, 76, '1974-06-26', 3.00),
	(851, 77, '1992-05-04', 7.00),
	(852, 78, '1985-07-29', 1.00),
	(853, 79, '1980-11-14', 4.00),
	(854, 80, '1984-09-20', 2.00),
	(855, 81, '1979-01-13', 7.00),
	(856, 82, '1985-10-14', 3.00),
	(857, 83, '2008-05-05', 0.00),
	(858, 84, '1981-06-10', 8.00),
	(859, 85, '1995-01-06', 0.00),
	(860, 86, '1988-04-22', 4.00),
	(861, 87, '1988-09-25', 0.00),
	(862, 88, '1989-09-01', 4.00),
	(863, 89, '2009-02-26', 9.00),
	(864, 90, '1996-10-23', 4.00),
	(865, 91, '1994-12-14', 9.00),
	(866, 92, '1987-11-11', 9.00),
	(867, 93, '2005-02-24', 7.00),
	(868, 94, '2017-06-06', 5.00),
	(869, 95, '1970-12-28', 8.00),
	(870, 96, '2000-01-17', 1.00),
	(871, 97, '1989-02-11', 9.00),
	(872, 98, '1988-01-22', 1.00),
	(873, 99, '2007-01-15', 1.00),
	(874, 100, '1991-04-20', 3.00),
	(875, 101, '2001-03-12', 0.00),
	(876, 102, '2016-05-13', 2.00),
	(877, 103, '1988-01-19', 4.00),
	(878, 104, '2011-08-20', 0.00),
	(879, 105, '1999-09-16', 2.00),
	(880, 106, '2011-03-21', 0.00),
	(881, 107, '1995-06-12', 8.00),
	(882, 108, '2017-03-16', 5.00),
	(883, 109, '1981-09-08', 6.00),
	(884, 110, '1974-06-29', 7.00),
	(885, 111, '2013-10-29', 1.00),
	(886, 112, '1995-08-17', 6.00),
	(887, 113, '2019-10-01', 2.00),
	(888, 114, '1972-06-24', 7.00),
	(889, 115, '1996-03-10', 3.00),
	(890, 116, '1999-06-28', 0.00),
	(891, 117, '1979-09-11', 8.00),
	(892, 118, '2010-10-07', 1.00),
	(893, 119, '1974-01-31', 3.00),
	(894, 120, '2011-06-08', 3.00),
	(895, 121, '1999-10-20', 7.00),
	(896, 122, '1979-05-24', 7.00),
	(897, 123, '1985-12-31', 7.00),
	(898, 124, '2003-12-31', 9.00),
	(899, 125, '1983-11-07', 8.00),
	(900, 126, '2008-11-03', 3.00),
	(901, 127, '2005-08-12', 3.00),
	(902, 128, '1971-09-25', 3.00),
	(903, 129, '1976-08-22', 9.00),
	(904, 130, '1991-07-31', 0.00),
	(905, 131, '2009-11-19', 6.00),
	(906, 132, '2015-01-27', 0.00),
	(907, 133, '2006-11-15', 5.00),
	(908, 134, '1975-12-11', 4.00),
	(909, 135, '2007-07-06', 4.00),
	(910, 136, '2006-02-07', 3.00),
	(911, 137, '1986-11-12', 9.00),
	(912, 138, '1977-01-28', 6.00),
	(913, 139, '2017-06-08', 9.00),
	(914, 140, '1977-11-27', 7.00),
	(915, 141, '1986-01-20', 6.00),
	(916, 142, '2008-10-20', 0.00),
	(917, 143, '2005-07-15', 4.00),
	(918, 144, '2014-04-18', 0.00),
	(919, 145, '1986-02-27', 0.00),
	(920, 146, '1997-05-29', 2.00),
	(921, 147, '2012-03-09', 0.00),
	(922, 148, '2002-09-21', 6.00),
	(923, 149, '1973-12-16', 7.00),
	(924, 150, '2001-12-14', 3.00),
	(925, 151, '1970-07-20', 9.00),
	(926, 152, '2009-05-08', 1.00),
	(927, 153, '2002-07-02', 1.00),
	(928, 154, '2008-12-04', 7.00),
	(929, 155, '2006-11-02', 8.00),
	(930, 156, '1998-08-02', 6.00),
	(931, 157, '2009-03-16', 3.00),
	(932, 158, '2002-05-17', 6.00),
	(933, 159, '2000-11-14', 6.00),
	(934, 160, '1974-11-27', 7.00),
	(935, 161, '2010-07-11', 5.00),
	(936, 162, '1999-06-13', 8.00),
	(937, 163, '1997-01-26', 5.00),
	(938, 164, '2011-02-09', 7.00),
	(939, 165, '1986-08-12', 1.00),
	(940, 166, '1991-07-24', 0.00),
	(941, 167, '1973-01-25', 9.00),
	(942, 168, '2015-02-04', 7.00),
	(943, 169, '1997-03-27', 6.00),
	(944, 170, '1981-11-12', 5.00),
	(945, 171, '1986-08-02', 9.00),
	(946, 172, '1984-08-06', 1.00),
	(947, 173, '1979-04-16', 2.00),
	(948, 174, '1997-06-21', 5.00),
	(949, 175, '2009-09-09', 6.00),
	(950, 176, '1981-10-06', 9.00),
	(951, 177, '2001-06-25', 4.00),
	(952, 178, '1973-10-29', 8.00),
	(953, 179, '1985-04-05', 1.00),
	(954, 180, '1975-12-10', 0.00),
	(955, 181, '2016-08-14', 1.00),
	(956, 182, '1986-01-02', 7.00),
	(957, 183, '1985-12-01', 2.00),
	(958, 184, '2007-08-15', 3.00),
	(959, 185, '1995-11-08', 3.00),
	(960, 186, '1987-09-07', 4.00),
	(961, 187, '2006-04-24', 2.00),
	(962, 188, '1998-08-04', 2.00),
	(963, 189, '1988-01-27', 3.00),
	(964, 190, '1998-07-10', 4.00),
	(965, 191, '2001-04-15', 9.00),
	(966, 192, '2010-09-21', 1.00),
	(967, 193, '2010-03-31', 0.00),
	(968, 194, '1970-06-20', 5.00),
	(969, 195, '2010-01-30', 5.00),
	(970, 196, '2016-10-25', 5.00),
	(971, 197, '2013-08-19', 2.00),
	(972, 198, '1970-12-03', 0.00),
	(973, 199, '1975-03-20', 8.00),
	(974, 200, '1999-09-29', 9.00),
	(975, 201, '2012-08-14', 7.00),
	(976, 202, '1982-07-16', 5.00),
	(977, 203, '2018-10-01', 3.00),
	(978, 204, '1997-09-22', 3.00),
	(979, 205, '1992-11-24', 1.00),
	(980, 206, '1996-08-16', 5.00),
	(981, 207, '1972-11-28', 7.00),
	(982, 208, '2019-09-28', 8.00),
	(983, 209, '2004-09-10', 9.00),
	(984, 210, '1979-01-16', 7.00),
	(985, 211, '2017-08-09', 8.00),
	(986, 212, '1970-05-30', 7.00),
	(987, 213, '1975-06-03', 1.00),
	(988, 214, '1992-07-31', 4.00),
	(989, 215, '1990-02-14', 1.00),
	(990, 216, '1991-04-07', 9.00),
	(991, 217, '2005-02-12', 7.00),
	(992, 218, '2000-08-26', 5.00),
	(993, 219, '2015-07-04', 3.00),
	(994, 220, '2011-01-25', 5.00),
	(995, 221, '1983-03-25', 2.00),
	(996, 222, '1974-09-28', 0.00),
	(997, 223, '1979-10-18', 7.00),
	(998, 224, '2015-09-06', 7.00),
	(999, 225, '1977-10-10', 3.00),
	(1000, 226, '1996-08-12', 6.00);
/*!40000 ALTER TABLE `pedido` ENABLE KEYS */;

-- Copiando estrutura para tabela db_aula_slide_v2.produto
CREATE TABLE IF NOT EXISTS `produto` (
  `id` int(11) NOT NULL AUTO_INCREMENT,
  `nome_produto` varchar(100) COLLATE utf8_bin DEFAULT NULL,
  `descricao_produto` varchar(500) COLLATE utf8_bin DEFAULT NULL,
  `unid_medida` char(3) COLLATE utf8_bin DEFAULT NULL,
  `preco_unitario` decimal(9,2) DEFAULT NULL,
  PRIMARY KEY (`id`)
) ENGINE=InnoDB AUTO_INCREMENT=601 DEFAULT CHARSET=utf8 COLLATE=utf8_bin;

-- Copiando dados para a tabela db_aula_slide_v2.produto: ~600 rows (aproximadamente)
/*!40000 ALTER TABLE `produto` DISABLE KEYS */;
INSERT INTO `produto` (`id`, `nome_produto`, `descricao_produto`, `unid_medida`, `preco_unitario`) VALUES
	(1, 'Batata', 'Enterprise-wide system-worthy function', 'DDS', 5.00),
	(2, 'Cenoura', 'Open-architected non-volatile GraphicalUserInterface', 'IV', 6.00),
	(3, 'Beterraba', 'Streamlined methodical leverage', 'IV', 3.50),
	(4, 'Banana', 'Profit-focused multi-tasking frame', 'II', 5.00),
	(5, 'Mamão', 'Streamlined attitude-oriented encoding', 'DDS', 4.00),
	(6, 'Quiejo', 'Open-architected asynchronous archive', 'DDS', 9.00),
	(7, 'Morango', 'Virtual background methodology', 'DDS', 5.50),
	(8, 'Biscoito', 'Fully-configurable responsive superstructure', 'III', 3.00),
	(9, 'Cuca', 'User-centric foreground openarchitecture', 'I', 9.00),
	(10, 'Doce de Leite', 'Sharable zerodefect alliance', 'Sr.', 8.00),
	(11, 'Mouses', 'Assimilated leadingedge complexity', 'Sr.', 25.00),
	(12, 'Teclado', 'Configurable holistic forecast', 'II', 18.50),
	(13, 'nemo', 'Customer-focused uniform product', 'III', 3.00),
	(14, 'cumque', 'Pre-emptive modular function', 'DDS', 7.00),
	(15, 'debitis', 'Customer-focused context-sensitive pricingstructure', 'III', 8.00),
	(16, 'nisi', 'Realigned encompassing success', 'MD', 1.00),
	(17, 'dolores', 'Organic cohesive attitude', 'PhD', 2.00),
	(18, 'nulla', 'Front-line empowering conglomeration', 'IV', 6.00),
	(19, 'quo', 'Sharable optimizing monitoring', 'I', 3.00),
	(20, 'ut', 'User-centric real-time intranet', 'Jr.', 3.00),
	(21, 'aut', 'Facetoface bifurcated database', 'PhD', 2.00),
	(22, 'officia', 'Persevering clear-thinking forecast', 'III', 1.00),
	(23, 'deleniti', 'Switchable non-volatile pricingstructure', 'PhD', 9.00),
	(24, 'dolorum', 'Inverse tangible definition', 'DVM', 3.00),
	(25, 'officiis', 'Facetoface global GraphicInterface', 'III', 6.00),
	(26, 'quae', 'Monitored non-volatile middleware', 'Jr.', 0.00),
	(27, 'et', 'Proactive mission-critical portal', 'II', 4.00),
	(28, 'sunt', 'Exclusive even-keeled project', 'I', 5.00),
	(29, 'expedita', 'Total background solution', 'Jr.', 4.00),
	(30, 'velit', 'Synergistic maximized concept', 'IV', 5.00),
	(31, 'a', 'Public-key methodical success', 'DDS', 6.00),
	(32, 'earum', 'Fundamental bottom-line hierarchy', 'Sr.', 2.00),
	(33, 'iusto', 'Inverse zerodefect hardware', 'I', 6.00),
	(34, 'tempora', 'Optional 4thgeneration architecture', 'III', 5.00),
	(35, 'omnis', 'Function-based reciprocal matrix', 'Jr.', 4.00),
	(36, 'nobis', 'Profit-focused uniform project', 'IV', 8.00),
	(37, 'ex', 'Sharable upward-trending toolset', 'V', 0.00),
	(38, 'dolor', 'Self-enabling client-driven application', 'V', 0.00),
	(39, 'explicabo', 'Assimilated discrete hub', 'PhD', 2.00),
	(40, 'molestiae', 'Reduced upward-trending application', 'IV', 6.00),
	(41, 'nesciunt', 'Virtual reciprocal parallelism', 'III', 0.00),
	(42, 'dolorem', 'Devolved human-resource architecture', 'DVM', 3.00),
	(43, 'odio', 'Grass-roots responsive algorithm', 'I', 7.00),
	(44, 'perferendis', 'Sharable dedicated neural-net', 'II', 7.00),
	(45, 'maxime', 'Future-proofed analyzing utilisation', 'DVM', 7.00),
	(46, 'asperiores', 'Self-enabling methodical frame', 'III', 7.00),
	(47, 'non', 'Proactive incremental collaboration', 'DVM', 1.00),
	(48, 'blanditiis', 'Operative motivating knowledgeuser', 'DDS', 8.00),
	(49, 'quia', 'Enterprise-wide fresh-thinking encryption', 'III', 2.00),
	(50, 'quos', 'Vision-oriented executive systemengine', 'Jr.', 6.00),
	(51, 'sed', 'Reverse-engineered systematic moratorium', 'PhD', 6.00),
	(52, 'laborum', 'Progressive bottom-line methodology', 'I', 2.00),
	(53, 'illum', 'User-friendly asynchronous groupware', 'PhD', 4.00),
	(54, 'laudantium', 'Customizable zerodefect encoding', 'Jr.', 1.00),
	(55, 'exercitationem', 'Fundamental non-volatile standardization', 'III', 2.00),
	(56, 'enim', 'Diverse full-range standardization', 'DVM', 4.00),
	(57, 'iure', 'Exclusive national project', 'DVM', 5.00),
	(58, 'amet', 'Pre-emptive national archive', 'DDS', 0.00),
	(59, 'consequuntur', 'Assimilated responsive help-desk', 'Jr.', 4.00),
	(60, 'ratione', 'Compatible transitional synergy', 'I', 7.00),
	(61, 'qui', 'Future-proofed reciprocal superstructure', 'DDS', 6.00),
	(62, 'fugit', 'Centralized neutral ability', 'DVM', 8.00),
	(63, 'esse', 'Up-sized heuristic adapter', 'MD', 7.00),
	(64, 'ipsam', 'Re-contextualized incremental openarchitecture', 'MD', 7.00),
	(65, 'voluptate', 'Switchable homogeneous hardware', 'DVM', 6.00),
	(66, 'neque', 'Optional asynchronous alliance', 'PhD', 4.00),
	(67, 'eveniet', 'Profound radical orchestration', 'DDS', 8.00),
	(68, 'porro', 'Cross-platform coherent challenge', 'IV', 5.00),
	(69, 'optio', 'Focused dedicated neural-net', 'II', 9.00),
	(70, 'excepturi', 'Robust multi-tasking array', 'Jr.', 5.00),
	(71, 'animi', 'Polarised intangible opensystem', 'MD', 0.00),
	(72, 'voluptatibus', 'Synchronised hybrid neural-net', 'V', 7.00),
	(73, 'consequatur', 'Distributed composite architecture', 'DVM', 6.00),
	(74, 'saepe', 'Networked coherent architecture', 'Jr.', 8.00),
	(75, 'sit', 'Pre-emptive multimedia localareanetwork', 'Jr.', 5.00),
	(76, 'similique', 'Team-oriented well-modulated concept', 'DDS', 9.00),
	(77, 'minus', 'Universal regional knowledgebase', 'DDS', 4.00),
	(78, 'veniam', 'Inverse tangible workforce', 'II', 8.00),
	(79, 'iste', 'User-centric coherent standardization', 'I', 5.00),
	(80, 'nam', 'Enterprise-wide system-worthy application', 'PhD', 5.00),
	(81, 'repudiandae', 'Cross-group homogeneous function', 'I', 4.00),
	(82, 'quaerat', 'Diverse value-added localareanetwork', 'II', 4.00),
	(83, 'ab', 'Fundamental grid-enabled standardization', 'IV', 5.00),
	(84, 'suscipit', 'Sharable directional focusgroup', 'DVM', 2.00),
	(85, 'accusantium', 'Vision-oriented optimizing parallelism', 'PhD', 2.00),
	(86, 'dicta', 'Pre-emptive actuating firmware', 'DDS', 7.00),
	(87, 'atque', 'Persevering scalable encoding', 'DVM', 4.00),
	(88, 'repellat', 'Ameliorated 6thgeneration access', 'Sr.', 2.00),
	(89, 'nostrum', 'Secured directional array', 'PhD', 1.00),
	(90, 'voluptatum', 'Robust asynchronous GraphicInterface', 'I', 4.00),
	(91, 'facere', 'Organized optimal model', 'Jr.', 0.00),
	(92, 'impedit', 'Re-engineered zerotolerance support', 'III', 1.00),
	(93, 'voluptatem', 'Open-source reciprocal initiative', 'PhD', 5.00),
	(94, 'id', 'Visionary multimedia utilisation', 'DDS', 1.00),
	(95, 'ducimus', 'Open-architected global encryption', 'PhD', 8.00),
	(96, 'est', 'Visionary directional opensystem', 'Jr.', 5.00),
	(97, 'odit', 'Centralized global support', 'PhD', 6.00),
	(98, 'facilis', 'Future-proofed homogeneous product', 'MD', 7.00),
	(99, 'magni', 'Organized empowering openarchitecture', 'IV', 3.00),
	(100, 'magnam', 'Decentralized 3rdgeneration product', 'Sr.', 9.00),
	(101, 'Molestias quisquam esse nam tenetur exercitationem quis. Et natus dolore ut sint accusamus libero. A', 'Persistent content-based orchestration', 'DVM', 3.00),
	(102, 'Consequatur nemo consequatur laudantium et. Veniam earum quisquam voluptates tempora. Nihil et inven', 'Organized homogeneous productivity', 'DDS', 8.00),
	(103, 'Consequatur corrupti doloremque velit ut. Consequatur non harum nemo autem sed molestias. Sit aperia', 'Upgradable intangible capacity', 'V', 7.00),
	(104, 'Perspiciatis unde voluptas dolores est. Voluptatem ipsa voluptate nostrum molestiae et. Aspernatur p', 'Monitored non-volatile data-warehouse', 'PhD', 6.00),
	(105, 'Sed possimus sed nam eius quasi. Rerum iusto nesciunt expedita sit. Adipisci velit voluptatibus dele', 'Front-line dynamic analyzer', 'Sr.', 3.00),
	(106, 'Optio aut necessitatibus est qui. Labore et in placeat suscipit nobis. Error aut voluptas saepe. Lab', 'Devolved homogeneous function', 'Sr.', 5.00),
	(107, 'Natus voluptatem qui velit cumque consectetur ab. Tenetur aliquam laudantium illum est iste eos opti', 'Digitized systematic toolset', 'MD', 0.00),
	(108, 'Fugiat et impedit quis. Vero id reprehenderit dolor natus. Fuga officiis voluptas sequi maiores veri', 'Virtual human-resource service-desk', 'IV', 5.00),
	(109, 'Qui incidunt eum voluptatum fugit voluptatum. Quia ut ipsum iste. Dolor et accusantium delectus dolo', 'Implemented discrete hub', 'III', 5.00),
	(110, 'Veritatis maiores quia corporis delectus et voluptas amet. Fugiat iste est consequuntur itaque provi', 'Up-sized dynamic monitoring', 'DVM', 2.00),
	(111, 'Facilis dolore in aut quaerat minus et. Unde dolores totam ipsam vitae. Quibusdam possimus quo moles', 'Profound modular emulation', 'III', 5.00),
	(112, 'Et autem corrupti est repudiandae sapiente in. Non est eaque et illum.', 'Persistent reciprocal service-desk', 'V', 8.00),
	(113, 'Aut beatae quo non est facilis nam. Consequatur soluta vel voluptas doloribus odit maxime. Amet hic ', 'Vision-oriented holistic throughput', 'Sr.', 2.00),
	(114, 'Vero et praesentium perspiciatis. Rem quaerat amet iusto sint doloremque voluptate. Impedit culpa cu', 'Team-oriented composite toolset', 'V', 4.00),
	(115, 'Earum voluptatem est est quia qui. Blanditiis iusto eaque voluptatum. Non aut sunt voluptatem perspi', 'Visionary motivating intranet', 'I', 1.00),
	(116, 'Ex sunt occaecati quia necessitatibus modi ut. Dolores rem voluptatem a rerum. Molestiae esse beatae', 'Versatile 3rdgeneration opensystem', 'MD', 2.00),
	(117, 'Modi quis aut incidunt magnam quasi eveniet. Tenetur quam cum in dolorem ipsam ut praesentium. Nihil', 'Expanded impactful initiative', 'DDS', 4.00),
	(118, 'Recusandae aspernatur consequatur et reiciendis earum. Facere non est eaque expedita accusantium ear', 'Public-key global workforce', 'Jr.', 9.00),
	(119, 'Fugit voluptatem tenetur voluptates odio eum. Eveniet voluptas et ut et illo debitis. Sit accusantiu', 'Ergonomic national policy', 'II', 9.00),
	(120, 'Ullam blanditiis repudiandae et quibusdam debitis unde. Ab pariatur laudantium illum. Ut ipsam ea od', 'Stand-alone bandwidth-monitored time-frame', 'I', 3.00),
	(121, 'Possimus et voluptas aspernatur labore corporis ut doloremque velit. Suscipit hic rerum hic perferen', 'Secured 24hour frame', 'V', 1.00),
	(122, 'Totam blanditiis deleniti veritatis consequatur. Architecto voluptas voluptatem alias odio ipsum rer', 'Profound scalable orchestration', 'MD', 9.00),
	(123, 'Deleniti nihil exercitationem modi aliquid aut consequatur. Dolores eius dolores labore cumque tenet', 'Up-sized holistic circuit', 'IV', 8.00),
	(124, 'Aut aliquam ut dicta omnis omnis impedit. Sint harum et optio adipisci. Sapiente corporis exercitati', 'Exclusive eco-centric artificialintelligence', 'DDS', 1.00),
	(125, 'Deleniti explicabo vel id necessitatibus. Magni aut occaecati eaque temporibus ut sit. Quasi ab anim', 'Horizontal bottom-line attitude', 'Jr.', 1.00),
	(126, 'Suscipit facere rerum nemo eum nam expedita ut. Voluptatibus sed deserunt dolor sit et libero aliqui', 'Customer-focused value-added success', 'III', 1.00),
	(127, 'Delectus laboriosam et nulla enim rerum nesciunt quis. Rem et eos aut et eveniet. Et tempora omnis o', 'Customizable leadingedge parallelism', 'Jr.', 6.00),
	(128, 'Libero et architecto totam et eveniet reprehenderit nihil. Ut eum omnis modi dolorum odit consequunt', 'Programmable stable strategy', 'IV', 8.00),
	(129, 'Et soluta perferendis ad ut. Velit vel mollitia voluptatibus repellendus et sint facilis. Libero eve', 'De-engineered dynamic success', 'MD', 3.00),
	(130, 'Iste quis voluptas dolorem facilis impedit est. Nemo sit illum aut eum quas omnis. Repudiandae deser', 'Multi-lateral actuating knowledgeuser', 'Jr.', 0.00),
	(131, 'Magnam quidem excepturi sint vero. Doloremque adipisci qui tempora facere molestias aut fugit. Sit n', 'Reverse-engineered clear-thinking implementation', 'I', 8.00),
	(132, 'Minima suscipit rem voluptatem sed veniam vitae. Voluptatem voluptas adipisci et.\nPlaceat repellat l', 'Digitized composite encryption', 'PhD', 4.00),
	(133, 'Aut harum eos est vero consequatur aut. Qui dolorem quo dignissimos eum aut consequatur.', 'Team-oriented regional forecast', 'MD', 5.00),
	(134, 'Iste commodi sequi omnis ut temporibus voluptatum. Tempore eos voluptas quaerat sint enim delectus s', 'Virtual intangible strategy', 'IV', 8.00),
	(135, 'Sunt illo quia aspernatur perferendis maiores quia. Quia omnis totam aut qui corrupti. Sit necessita', 'Managed executive capability', 'Jr.', 0.00),
	(136, 'Quis aut enim deserunt aperiam molestiae ut velit. Ut debitis repellendus eaque quod tempora blandit', 'Business-focused multi-state hardware', 'V', 0.00),
	(137, 'Ipsum fugit ipsum sed alias exercitationem. Et rem omnis corporis corrupti. Et error ut accusamus re', 'Cross-group dynamic analyzer', 'MD', 4.00),
	(138, 'Ut corrupti temporibus libero facere exercitationem repudiandae. Velit laborum exercitationem esse p', 'User-friendly 24hour openarchitecture', 'MD', 8.00),
	(139, 'Sunt ut fuga sit. Sint veniam est eos tenetur quod. Impedit modi placeat quod velit sed architecto q', 'Diverse incremental function', 'IV', 0.00),
	(140, 'Occaecati voluptates quis placeat iusto doloribus dolorum sint. Delectus molestias omnis dolor natus', 'De-engineered user-facing synergy', 'MD', 9.00),
	(141, 'Ut ea est qui eos est et consequatur. Sit magni minus tempore iste veritatis aut sed. Cupiditate rer', 'Stand-alone systematic software', 'III', 1.00),
	(142, 'Ex est cumque quidem sequi dolor. Cumque accusamus sed repellendus. Blanditiis sunt doloribus modi s', 'Visionary 3rdgeneration array', 'PhD', 8.00),
	(143, 'Et ut aliquam non cum adipisci. Commodi qui et repudiandae iste eos nobis ut. Quia quaerat qui simil', 'Ameliorated client-server ability', 'I', 8.00),
	(144, 'Dolore animi veritatis ullam aut ipsum. Debitis necessitatibus ratione accusamus molestias magni. Ut', 'Reactive dynamic time-frame', 'MD', 0.00),
	(145, 'Quasi alias impedit iusto enim. Et sunt deserunt vel sequi incidunt nulla. Tenetur nisi possimus vol', 'Multi-lateral reciprocal alliance', 'Sr.', 8.00),
	(146, 'Nulla ea ea harum vel eos veniam. Aperiam expedita magnam repellat facere iusto cumque. Sed cupidita', 'Down-sized stable success', 'II', 5.00),
	(147, 'Ut repellendus architecto sit quos et earum atque et. Delectus qui explicabo praesentium eum maxime.', 'Progressive intangible synergy', 'II', 2.00),
	(148, 'Ex fugit voluptatibus saepe vitae distinctio sequi. Accusamus necessitatibus necessitatibus autem ip', 'Customer-focused nextgeneration extranet', 'II', 8.00),
	(149, 'Et et nobis dolores maxime omnis. Expedita quia nam at. Adipisci alias minus quisquam quibusdam. Aut', 'Stand-alone upward-trending array', 'DVM', 2.00),
	(150, 'Magnam sed maiores voluptatum sed. Cum earum sint sed. Fuga magnam quibusdam iusto ipsam ea providen', 'Enterprise-wide modular challenge', 'DDS', 7.00),
	(151, 'Temporibus nesciunt ducimus architecto incidunt non. Dolorem ut sit nobis blanditiis. Ipsa aliquid c', 'Profound bottom-line matrices', 'V', 9.00),
	(152, 'Impedit officiis occaecati ullam. Consequatur non sit ad in rerum facilis illo alias. Incidunt rerum', 'Horizontal bandwidth-monitored complexity', 'PhD', 7.00),
	(153, 'Eos amet labore harum quia animi non ipsum. Corporis aliquid dolor a quo saepe. Dolorem quo iure arc', 'Versatile discrete analyzer', 'Sr.', 4.00),
	(154, 'Dolorum officia accusamus sit consequatur. Cumque mollitia eligendi ea est eum tenetur dolorum.', 'Adaptive needs-based openarchitecture', 'V', 0.00),
	(155, 'Hic nostrum laboriosam totam aut velit. Sunt eum repudiandae rem quibusdam dolorem suscipit molestia', 'Organic coherent algorithm', 'Sr.', 2.00),
	(156, 'Et eos voluptas a et sunt. Repudiandae est et magni nisi dolores blanditiis amet. Reprehenderit dele', 'Public-key transitional framework', 'MD', 8.00),
	(157, 'Minus eos modi qui explicabo maxime vel. Eaque qui sit praesentium maiores perferendis aspernatur es', 'Re-engineered radical task-force', 'V', 3.00),
	(158, 'Id numquam dolore similique quod molestiae numquam occaecati. Et numquam sit repellendus voluptas. O', 'Centralized eco-centric middleware', 'II', 9.00),
	(159, 'Eum autem est beatae repellat labore sint totam. Eveniet nam quia aut vel. Porro quo qui odio volupt', 'Persistent optimal hub', 'PhD', 7.00),
	(160, 'Voluptatem eius tempore ea dolores aperiam unde. Doloremque provident dolores qui odit voluptas. Et ', 'User-centric 3rdgeneration website', 'DVM', 2.00),
	(161, 'Nemo quia ut earum ut. Facilis vero quis doloremque consectetur cumque facilis. Qui corrupti illum a', 'Total incremental moratorium', 'PhD', 9.00),
	(162, 'Error reprehenderit nam commodi adipisci quasi. Laboriosam odit debitis aliquid minima cumque impedi', 'Polarised maximized structure', 'IV', 7.00),
	(163, 'Delectus vel quidem ut voluptatibus possimus. Consequuntur rerum laboriosam blanditiis qui. Veniam s', 'Virtual radical approach', 'I', 4.00),
	(164, 'Unde labore alias ullam at illum culpa. Voluptatem incidunt deleniti occaecati qui quasi et sed. Ull', 'Ameliorated asynchronous superstructure', 'III', 4.00),
	(165, 'Id ipsum magni ab omnis nihil voluptatibus ab. Ducimus expedita dolores totam consequatur. Qui est a', 'De-engineered explicit strategy', 'DDS', 9.00),
	(166, 'Aliquam hic et recusandae adipisci labore voluptas vitae. Quasi quia ad eos. Optio et laboriosam qui', 'Balanced non-volatile architecture', 'PhD', 4.00),
	(167, 'Laborum dolore dolorem harum deserunt fuga. Eum ad qui quis architecto aut. Rerum atque enim aut lau', 'User-centric intangible success', 'V', 7.00),
	(168, 'Enim asperiores repellendus sequi voluptas eum et perspiciatis. Mollitia sit corporis sit inventore ', 'Mandatory optimal conglomeration', 'Jr.', 7.00),
	(169, 'Aut eveniet tenetur non sit aspernatur non voluptas. Hic placeat corrupti beatae aliquam est. Ab qui', 'Networked heuristic conglomeration', 'MD', 5.00),
	(170, 'Mollitia aut iste et ut consectetur mollitia necessitatibus. Velit repudiandae saepe sequi. Cum qui ', 'Proactive regional complexity', 'III', 7.00),
	(171, 'Eum eveniet qui est officia laudantium. Aut eius vitae magnam saepe dicta. Est culpa tempore quaerat', 'Universal directional throughput', 'IV', 9.00),
	(172, 'Vel dolorem asperiores magnam repudiandae. Exercitationem quia voluptas dolor quia explicabo et. Qui', 'Persistent maximized service-desk', 'DVM', 9.00),
	(173, 'Ea qui possimus quia dolorem voluptates. Nisi suscipit odit error placeat eius. Illo est aliquam in ', 'Universal multimedia challenge', 'Sr.', 3.00),
	(174, 'Rem aut harum voluptas fuga numquam esse. Aut qui sunt nihil et. Officiis delectus sequi doloremque ', 'Visionary fresh-thinking monitoring', 'I', 5.00),
	(175, 'Rerum sed sit delectus ea eum provident delectus. Reiciendis est molestias nesciunt porro. In qui il', 'Facetoface tangible instructionset', 'MD', 6.00),
	(176, 'Aliquid at temporibus repudiandae autem repudiandae. Perspiciatis ut mollitia harum explicabo sunt m', 'Total didactic methodology', 'IV', 4.00),
	(177, 'Cum iusto ea officia et voluptas atque. Illum magni quia sed officiis qui. Quia veniam aut reprehend', 'Inverse composite core', 'I', 3.00),
	(178, 'Ut quisquam qui rerum optio. Sed enim est aliquid soluta. Dolor officiis nihil totam voluptatibus co', 'Grass-roots assymetric systemengine', 'DDS', 1.00),
	(179, 'Itaque quibusdam sint placeat. Vel autem alias dicta maiores sunt. Odio sit consequatur in adipisci ', 'Grass-roots tangible installation', 'DDS', 3.00),
	(180, 'Culpa corrupti non velit sint. Quia voluptas repellat consequatur velit dignissimos. Mollitia quibus', 'Enhanced homogeneous challenge', 'III', 2.00),
	(181, 'Repellat repellat et dolorum dolorem. Voluptas minus reiciendis quae exercitationem architecto magni', 'Focused didactic initiative', 'Sr.', 5.00),
	(182, 'Nemo tempore blanditiis accusamus impedit qui atque incidunt. Doloremque accusantium officiis volupt', 'Multi-tiered systematic extranet', 'Jr.', 0.00),
	(183, 'A in ut et a. Facere numquam aut explicabo. Delectus eligendi aliquam fugiat aut recusandae.', 'Streamlined actuating website', 'I', 5.00),
	(184, 'Est earum delectus aut soluta. Rerum culpa explicabo quia aliquid aut. Ad aut dolore ab eius molesti', 'Enterprise-wide system-worthy firmware', 'I', 1.00),
	(185, 'Inventore eveniet labore doloremque sequi velit. Tempora molestias maxime iste blanditiis qui aut ve', 'Diverse clear-thinking support', 'DVM', 3.00),
	(186, 'Qui alias et facilis praesentium veniam a consectetur. Voluptas ad consectetur et consequuntur dolor', 'Mandatory leadingedge capacity', 'Sr.', 1.00),
	(187, 'Asperiores sed sunt quis incidunt iusto. In sunt laboriosam ut sed ut occaecati earum accusamus. Fac', 'Profit-focused user-facing challenge', 'V', 4.00),
	(188, 'Eos et adipisci ad non rerum. Nostrum id consectetur non consequatur voluptates harum minus. Assumen', 'Open-architected uniform data-warehouse', 'II', 1.00),
	(189, 'Aliquam et minima est laborum. Aut vel repellendus sed eos et. Quia voluptate voluptas quam vel qui.', 'Right-sized neutral array', 'DDS', 2.00),
	(190, 'Cumque non quod neque impedit voluptatibus cumque voluptatem. Est accusamus voluptates alias rerum v', 'Quality-focused bandwidth-monitored complexity', 'III', 5.00),
	(191, 'Animi a quo eaque. Distinctio quod in a ab quo ullam. In sunt deleniti aut numquam officiis qui.', 'Customizable object-oriented openarchitecture', 'I', 3.00),
	(192, 'Ea eum quo laudantium facere. Aut provident aperiam maxime maxime soluta veniam dolores.', 'Organized client-server architecture', 'Sr.', 7.00),
	(193, 'Dignissimos voluptate debitis cupiditate ea quod porro eum. Quidem est sapiente reprehenderit sed. B', 'Diverse object-oriented attitude', 'DVM', 5.00),
	(194, 'Qui sed dignissimos molestias voluptatibus tempore autem. Aut quas sit recusandae vero maxime. Quod ', 'Future-proofed dedicated orchestration', 'V', 3.00),
	(195, 'Non natus quo iste praesentium explicabo. Mollitia minus fuga eos et voluptate consequatur vitae lib', 'Proactive nextgeneration flexibility', 'V', 3.00),
	(196, 'Sequi qui id dolorem eos qui a. Et aspernatur qui in totam voluptatem et labore voluptatem. Quia off', 'Monitored methodical internetsolution', 'DVM', 6.00),
	(197, 'Voluptatibus delectus impedit voluptatem ex ex. Nulla doloribus illo omnis nemo. Voluptas eaque odit', 'Synergized analyzing alliance', 'Sr.', 1.00),
	(198, 'Aut quia odit eum nisi dicta ut. Soluta blanditiis autem deserunt et omnis laboriosam temporibus. Vo', 'Self-enabling interactive interface', 'DDS', 9.00),
	(199, 'Est dignissimos magni asperiores corrupti quia perferendis. Voluptatum dolores temporibus facere tem', 'Object-based fault-tolerant definition', 'DDS', 4.00),
	(200, 'Consequatur vel sint at dignissimos officiis eveniet qui. Debitis numquam dicta aut fugit. Voluptate', 'Expanded didactic database', 'DDS', 7.00),
	(201, 'Accusamus saepe illo iusto tenetur porro cum eos. Amet qui nemo sit hic dolores laboriosam dolorum. ', 'Visionary radical access', 'DDS', 9.00),
	(202, 'Repellendus est rerum voluptates dignissimos veritatis alias et. Doloremque eveniet optio minima ad ', 'Operative multi-tasking ability', 'Jr.', 1.00),
	(203, 'Veritatis ipsa culpa excepturi facere perferendis nam. Consequatur consectetur inventore sint eligen', 'Devolved nextgeneration contingency', 'III', 7.00),
	(204, 'Nesciunt dolorum porro et ut officiis. Impedit qui illo eum.', 'Assimilated uniform knowledgebase', 'DDS', 3.00),
	(205, 'Eligendi occaecati magni accusantium omnis architecto minus quas. Quos aut voluptatem dolores adipis', 'Reduced regional definition', 'V', 6.00),
	(206, 'Consequatur non est voluptatem est ut eius accusamus animi. Debitis recusandae porro ab aut ad enim.', 'Reduced motivating installation', 'MD', 4.00),
	(207, 'Beatae temporibus quidem ut ut totam aspernatur unde. Voluptatem laudantium ut distinctio sit sed od', 'Re-engineered multi-state matrix', 'PhD', 8.00),
	(208, 'Dolorem dolore est vel perspiciatis. Dolorum perspiciatis dignissimos iure saepe ullam occaecati. Fa', 'Balanced maximized software', 'II', 4.00),
	(209, 'Nihil aspernatur amet eum est quisquam velit vitae. Itaque autem voluptatibus id vel et non. Distinc', 'Robust content-based data-warehouse', 'IV', 9.00),
	(210, 'Id rerum deleniti quas assumenda omnis eos. Quas accusamus odio deleniti unde quidem.', 'Team-oriented bifurcated service-desk', 'V', 2.00),
	(211, 'Deserunt ratione aut deleniti necessitatibus impedit et enim consequatur. Repellat ut ducimus labori', 'Automated zerotolerance utilisation', 'PhD', 8.00),
	(212, 'Quasi et deserunt in ut. Reiciendis maiores suscipit nesciunt. Corporis distinctio enim tenetur. Omn', 'Function-based multi-tasking installation', 'DDS', 5.00),
	(213, 'Tempore in ad facilis modi. Provident minima et voluptate dolores facilis ut. Sapiente voluptas et v', 'Front-line non-volatile paradigm', 'PhD', 4.00),
	(214, 'Rem nemo beatae sit non distinctio. Molestiae sint voluptas quis minima debitis. Dolorem sit ad perf', 'Reactive asynchronous securedline', 'PhD', 7.00),
	(215, 'Consequatur aspernatur maiores voluptates odit tenetur voluptatem sit. Ea nulla ab magni cupiditate.', 'Total mobile flexibility', 'Sr.', 2.00),
	(216, 'Voluptas doloribus ea dolorem ut. Sit amet dolor qui fugiat cum. Minus maiores error quia aut.\nAut v', 'Visionary demand-driven analyzer', 'III', 9.00),
	(217, 'Quia sit nostrum ea soluta ut omnis. Quaerat velit alias et ut. Occaecati id et consequatur numquam.', 'Sharable secondary time-frame', 'MD', 2.00),
	(218, 'Ipsum delectus omnis commodi sequi et pariatur minima vel. Excepturi fugiat iste in quos. Ab quis cu', 'Ameliorated global analyzer', 'DVM', 8.00),
	(219, 'Nihil vel delectus doloribus ut soluta sequi. Soluta praesentium alias quia dolores odio.', 'Facetoface zerodefect installation', 'DDS', 6.00),
	(220, 'Ratione id veritatis et dolore neque nostrum. Excepturi consequatur aut sint enim nisi voluptatem. Q', 'Focused logistical database', 'Sr.', 4.00),
	(221, 'Optio in ducimus qui rerum iste quia voluptates voluptate. Molestiae ipsam aliquam id nostrum offici', 'User-centric exuding extranet', 'III', 1.00),
	(222, 'Fuga pariatur magni officiis ipsum et. Aut id nulla ut odio ea. Qui doloribus adipisci nemo beatae. ', 'Triple-buffered systematic encoding', 'Sr.', 1.00),
	(223, 'Sint ea aut ea aut deleniti officiis nisi. Incidunt rerum hic harum corrupti quis impedit repellat. ', 'Pre-emptive contextually-based product', 'V', 4.00),
	(224, 'Iure culpa animi rerum natus est dolor. Exercitationem rerum debitis ut aperiam molestias. Quis volu', 'Implemented nextgeneration service-desk', 'IV', 1.00),
	(225, 'Numquam ut voluptate incidunt iste eveniet est optio aut. Nostrum sit consequatur quas. Qui ducimus ', 'Realigned transitional alliance', 'Jr.', 0.00),
	(226, 'Impedit cum et modi. Doloribus sed et et et. Ipsam aut et itaque qui sint amet officiis. Tempora quo', 'Progressive holistic moratorium', 'DVM', 7.00),
	(227, 'Consequatur id distinctio quisquam. Molestias neque officiis sed vitae dolorum temporibus cumque. Ul', 'Facetoface logistical concept', 'DVM', 0.00),
	(228, 'Ducimus dolorem recusandae perspiciatis sunt distinctio voluptatem debitis. Odio nam cum consequatur', 'Persistent didactic infrastructure', 'III', 3.00),
	(229, 'Sit quibusdam iste consequatur deserunt cupiditate. Expedita illo et neque sit aut architecto ut. Co', 'Expanded asynchronous pricingstructure', 'DDS', 0.00),
	(230, 'Et accusamus autem aut dignissimos incidunt quidem non. Ut aliquam nemo occaecati praesentium volupt', 'Innovative intangible firmware', 'V', 7.00),
	(231, 'Dolorum ut necessitatibus eos atque tempora. Sunt quia nihil cum praesentium voluptatem magni sed re', 'Organic attitude-oriented instructionset', 'PhD', 8.00),
	(232, 'Ratione at voluptatem id illo est. Dolor rem amet laborum et nam. Nesciunt dolore sint eligendi nequ', 'Profound client-server help-desk', 'Sr.', 4.00),
	(233, 'Et aut nulla porro. Accusamus et esse quos deleniti est non. Enim odio et quis iste. Dolor at veniam', 'Profound 24hour knowledgeuser', 'III', 7.00),
	(234, 'Molestiae placeat error at exercitationem. Dolorum et est fugit temporibus voluptas vero totam tempo', 'Synergized regional neural-net', 'DVM', 7.00),
	(235, 'Natus aspernatur corporis sed inventore aliquid cum blanditiis. In eligendi delectus voluptatum sed.', 'Team-oriented client-driven securedline', 'Sr.', 8.00),
	(236, 'Molestiae ea libero a facere architecto. Natus magnam sit non ut beatae. Incidunt enim tenetur verit', 'Monitored didactic neural-net', 'DVM', 2.00),
	(237, 'Sed fugiat sunt iste alias dolorem commodi aut. Dolor in est rem omnis. Animi qui molestias cupidita', 'Decentralized context-sensitive customerloyalty', 'PhD', 5.00),
	(238, 'Consequatur quia iusto cum. Est hic quos aut.', 'Reverse-engineered object-oriented adapter', 'I', 2.00),
	(239, 'Minima ipsum rerum modi non dolorem vel. Numquam aliquam sed quia hic minus officia nisi. Ipsam aper', 'Integrated grid-enabled algorithm', 'DVM', 0.00),
	(240, 'Vitae earum et dolorem eveniet. Voluptatem molestiae quos architecto soluta. Debitis cupiditate corp', 'Integrated fresh-thinking access', 'MD', 7.00),
	(241, 'Itaque a quas odit veniam asperiores non repudiandae. Dignissimos quam ut placeat voluptas et dolore', 'Function-based coherent throughput', 'Jr.', 8.00),
	(242, 'Dolores fugiat et cumque. Harum autem laboriosam ducimus voluptas quis ut amet molestiae. Alias quis', 'Compatible system-worthy framework', 'MD', 3.00),
	(243, 'Soluta et quo atque qui quas laboriosam qui. Odit alias suscipit in animi. Temporibus beatae invento', 'User-friendly system-worthy capacity', 'III', 0.00),
	(244, 'Enim ut est velit. Totam dolorum sunt veritatis sunt. Maxime facere aut molestiae quo iste aut. Quo ', 'Digitized systematic superstructure', 'II', 6.00),
	(245, 'Sit tempora odio dicta quo illum. Dolorem in eos quasi dolor enim cupiditate cupiditate.', 'Fundamental object-oriented info-mediaries', 'II', 5.00),
	(246, 'Atque consequatur eaque ea deserunt nihil ut unde. Optio animi asperiores adipisci. Ea quasi volupta', 'Compatible holistic instructionset', 'PhD', 8.00),
	(247, 'Quasi eaque et molestiae possimus. Nostrum fugit ea doloremque. Autem tempore sunt amet.', 'Object-based 24hour customerloyalty', 'III', 6.00),
	(248, 'Autem qui ut dolore et soluta. Aut veritatis qui culpa asperiores cupiditate voluptatibus facilis. O', 'Reduced fresh-thinking matrix', 'IV', 4.00),
	(249, 'Est corporis repudiandae consequatur est esse nihil. Impedit tenetur deserunt numquam porro sint aut', 'Up-sized foreground knowledgebase', 'II', 8.00),
	(250, 'Atque nostrum similique et. Veniam maiores saepe et quas. Voluptatem error quos totam molestiae labo', 'Robust empowering monitoring', 'II', 7.00),
	(251, 'Voluptas et odit consequatur modi et et id. Veritatis debitis nobis magnam sit rerum vel sapiente. N', 'Synergistic nextgeneration instructionset', 'II', 1.00),
	(252, 'Quos hic quia enim inventore alias sed soluta. Quia dolor quae minus aperiam repellendus rem volupta', 'Synergized real-time website', 'IV', 1.00),
	(253, 'Recusandae ad itaque est illum error. Dolorem distinctio quis quis ea dolorem quae. Labore sed vitae', 'Up-sized tangible capability', 'I', 4.00),
	(254, 'Alias et rerum molestiae quibusdam. Quibusdam facere ab cupiditate. Dolorum facere omnis sit sapient', 'Exclusive multi-tasking productivity', 'Jr.', 7.00),
	(255, 'Rerum saepe sed voluptas non natus dolorum sit. Suscipit quo vero ut nisi dolor dicta optio. Adipisc', 'Object-based human-resource task-force', 'PhD', 5.00),
	(256, 'Accusantium rerum ut odio incidunt et minus qui. Perferendis dolorum ut quisquam omnis aut maxime re', 'Programmable reciprocal customerloyalty', 'IV', 2.00),
	(257, 'Similique perspiciatis officiis sed consectetur distinctio sint. Sapiente officiis quae aut et atque', 'Sharable static orchestration', 'DDS', 4.00),
	(258, 'Est enim recusandae enim aut rerum facere harum. Nihil ipsa excepturi repudiandae autem ut cupiditat', 'Phased contextually-based customerloyalty', 'II', 7.00),
	(259, 'Velit a et beatae. Sed et nihil in unde qui quis voluptas.', 'Persistent fresh-thinking archive', 'MD', 9.00),
	(260, 'Autem magni eius suscipit harum eum mollitia doloremque. Nam atque eaque ea dolore quo blanditiis en', 'Reactive context-sensitive productivity', 'Jr.', 3.00),
	(261, 'Saepe atque qui corporis culpa. Dolorem iusto voluptas voluptatem similique. Deserunt et perferendis', 'Team-oriented explicit knowledgebase', 'V', 5.00),
	(262, 'Necessitatibus sunt autem illo velit minima ullam consequatur. Sit maiores sit sit ut. Deleniti omni', 'Synchronised zerotolerance support', 'MD', 3.00),
	(263, 'Molestias id numquam eveniet autem porro atque laboriosam. Et similique porro rerum at. Consectetur ', 'Enterprise-wide needs-based productivity', 'DVM', 7.00),
	(264, 'Accusantium vel mollitia distinctio molestiae dolores inventore. Rerum facere qui officia quo adipis', 'Networked cohesive infrastructure', 'PhD', 0.00),
	(265, 'Non facilis cum veritatis explicabo occaecati magni. Hic tenetur minus exercitationem ut rem labore ', 'Re-contextualized human-resource approach', 'DDS', 0.00),
	(266, 'Aut hic dolorem veniam totam eveniet. Architecto aut quia et labore quasi. Ut et eveniet et praesent', 'Function-based multi-state support', 'Jr.', 1.00),
	(267, 'Aliquam ullam sit quaerat rerum nihil et. Maxime accusantium non quo sint amet iure excepturi repell', 'Customizable holistic portal', 'IV', 8.00),
	(268, 'Consequuntur quaerat aliquam odit eos quia iusto. Quidem qui optio esse sint tempore ullam et. Corpo', 'Future-proofed multi-tasking algorithm', 'V', 5.00),
	(269, 'Dolorum est est amet. Enim aut consectetur numquam. Voluptates quam labore voluptatem molestiae quid', 'Reactive optimizing opensystem', 'III', 3.00),
	(270, 'Quod animi sunt quo eligendi reprehenderit saepe natus. Voluptatem nobis quasi eos id repellendus. E', 'Multi-tiered homogeneous opensystem', 'MD', 1.00),
	(271, 'Dolorem qui qui et provident et laborum vitae. Et et quia quis est labore dolorum perspiciatis. Cons', 'Open-architected zerotolerance methodology', 'Jr.', 4.00),
	(272, 'Praesentium architecto fuga soluta qui. Officiis earum autem nisi quis minus earum provident. Fuga q', 'Diverse responsive knowledgeuser', 'PhD', 8.00),
	(273, 'Eum aut ut et deleniti. Quod labore nam assumenda praesentium ut dignissimos. Ut rerum corporis expe', 'Mandatory clear-thinking neural-net', 'Sr.', 4.00),
	(274, 'Est distinctio minus non eaque. Voluptas quo debitis illum maxime inventore vel quos voluptatibus. D', 'Adaptive 24/7 hub', 'MD', 6.00),
	(275, 'Autem alias ut iusto omnis. Placeat id fugiat consectetur. Unde optio saepe cupiditate doloremque si', 'Distributed client-server approach', 'DDS', 3.00),
	(276, 'Aliquid aut iusto qui non necessitatibus voluptatem. Recusandae quo sunt veritatis aliquid. Quia dol', 'Visionary content-based help-desk', 'PhD', 5.00),
	(277, 'Ratione modi id eum molestias. Possimus animi suscipit impedit et veritatis ab. Corporis inventore p', 'Vision-oriented even-keeled hub', 'DDS', 0.00),
	(278, 'Aperiam est consectetur nam est. Et tempore mollitia omnis porro officia saepe nulla. Itaque neque i', 'Vision-oriented methodical securedline', 'PhD', 6.00),
	(279, 'Animi sed nihil accusantium voluptas deserunt quia ipsam. Dignissimos dolorem dolorum rerum et volup', 'Fundamental global workforce', 'Sr.', 0.00),
	(280, 'Blanditiis et pariatur labore. At temporibus quia sint ut dolores eaque. Minima et modi ut magni dol', 'Organic empowering hub', 'V', 6.00),
	(281, 'Vel magni deleniti officiis dolores commodi sed eaque. Aut deleniti aliquid nulla dolore consequuntu', 'Multi-channelled optimal structure', 'IV', 4.00),
	(282, 'Qui asperiores voluptas ipsam ut rem nihil suscipit. Reiciendis libero voluptatem et sed harum vel a', 'Balanced zerodefect portal', 'III', 9.00),
	(283, 'Voluptas veniam earum unde aspernatur qui. Amet autem consequatur provident sed. Molestiae ut qui qu', 'Mandatory zerodefect productivity', 'MD', 8.00),
	(284, 'Architecto at quia itaque perspiciatis quam sapiente. Nam fuga ratione harum sapiente dolore hic. Di', 'Innovative content-based localareanetwork', 'Sr.', 5.00),
	(285, 'Provident recusandae libero tempora nobis eos ut. Est amet possimus eum ea. Reprehenderit aliquid of', 'Automated intermediate opensystem', 'MD', 7.00),
	(286, 'Omnis mollitia quod accusantium est vitae. Sapiente enim suscipit rem minus nihil. Ut voluptate aspe', 'Up-sized local functionalities', 'DDS', 7.00),
	(287, 'Eos eos libero distinctio sed. Quo molestias inventore qui repellendus molestiae possimus laboriosam', 'Robust even-keeled project', 'Sr.', 7.00),
	(288, 'Consequatur eius quo qui minus inventore. Et rerum neque in sunt rerum quas. Ut cum vel quaerat quia', 'Programmable directional securedline', 'PhD', 6.00),
	(289, 'Iste inventore vel et vel occaecati. In nemo quidem iure deleniti.', 'Public-key logistical customerloyalty', 'IV', 8.00),
	(290, 'Voluptas sequi eum ex neque nisi accusantium earum. Ea nostrum et voluptatem expedita expedita sit.', 'Expanded user-facing focusgroup', 'III', 2.00),
	(291, 'Odit dolorum qui est earum ea quidem. Quo et ea sapiente atque rerum. Eos vel consequatur et est.\nEx', 'Proactive clear-thinking model', 'II', 9.00),
	(292, 'Atque est voluptatem quis natus veniam. Placeat magnam accusantium quae non. Corporis placeat sint n', 'Multi-lateral system-worthy policy', 'I', 0.00),
	(293, 'Quis laboriosam quia iusto atque officiis. Et excepturi qui nisi culpa delectus. Laborum qui et ad e', 'Adaptive real-time hardware', 'Sr.', 9.00),
	(294, 'In ut nesciunt suscipit sapiente. Ut veritatis fugiat error assumenda magni amet impedit.', 'Switchable zerodefect GraphicalUserInterface', 'Sr.', 9.00),
	(295, 'Ea molestias voluptas officia. Quidem non sunt cupiditate. Exercitationem aliquid explicabo dicta do', 'Stand-alone foreground encoding', 'MD', 9.00),
	(296, 'Et aliquid assumenda velit et enim. Aut qui sed sed veniam distinctio soluta. Voluptatum ut beatae r', 'Inverse national initiative', 'PhD', 5.00),
	(297, 'Amet voluptas reprehenderit velit excepturi soluta. Officia quisquam magnam qui illo. Odio eaque ut ', 'Ergonomic 6thgeneration definition', 'III', 8.00),
	(298, 'Ipsa numquam blanditiis est similique minima incidunt ab. Autem recusandae odit eos eos molestiae de', 'Down-sized hybrid portal', 'I', 4.00),
	(299, 'Id beatae quia aut nobis eos odio nam. Nobis facere explicabo est. Ea est tempore modi quibusdam ass', 'Grass-roots heuristic concept', 'DDS', 6.00),
	(300, 'Quia nostrum dolorem nisi labore. Dolores illum cumque omnis iure quam eos. In rerum blanditiis sint', 'Balanced reciprocal matrix', 'I', 9.00),
	(301, 'Aliquam reprehenderit minima nostrum consequatur et. Officia illo aliquid dignissimos similique maio', 'Object-based zerotolerance protocol', 'Jr.', 3.00),
	(302, 'Saepe iste sint quae autem distinctio voluptatum iste. Quidem libero corrupti aliquam doloremque por', 'Assimilated responsive archive', 'I', 8.00),
	(303, 'Molestiae aut molestiae qui aliquid dolor rerum corporis. Quidem adipisci recusandae odit cupiditate', 'Re-engineered zerodefect migration', 'V', 7.00),
	(304, 'Suscipit autem officiis sint id numquam quisquam. Consequatur est qui distinctio quia nihil iusto to', 'Decentralized composite utilisation', 'Jr.', 0.00),
	(305, 'Qui harum et commodi blanditiis dolores enim. Accusantium qui nobis qui magni voluptatibus voluptate', 'Quality-focused mission-critical success', 'Jr.', 3.00),
	(306, 'Rerum enim alias ad modi. Totam fugit vel quae laudantium. Cupiditate est repellendus sapiente recus', 'Reverse-engineered user-facing toolset', 'II', 1.00),
	(307, 'Quasi est in dolores alias eaque aut laboriosam. Et dolor amet esse sit excepturi ut sint. Quia non ', 'Phased needs-based emulation', 'III', 5.00),
	(308, 'Temporibus est quia voluptatem eum consequatur velit. Odio eos possimus id recusandae aut. Autem con', 'Fully-configurable multimedia paradigm', 'V', 1.00),
	(309, 'Non nisi officia et officiis. Ut consectetur qui ut non omnis excepturi. Velit ut officiis maxime en', 'Visionary exuding database', 'Jr.', 7.00),
	(310, 'Quos similique sint aut vitae velit laborum repellendus dignissimos. Nesciunt et dicta ea voluptatem', 'Multi-channelled real-time software', 'V', 4.00),
	(311, 'Dolores totam architecto ipsa molestias quis sit. Ipsam dignissimos dolores et omnis et voluptatem v', 'Multi-lateral executive openarchitecture', 'PhD', 9.00),
	(312, 'Autem eum eveniet et voluptatem id. Sit officia officia qui quae. Alias perferendis temporibus nihil', 'Synergistic local firmware', 'PhD', 1.00),
	(313, 'Aperiam repudiandae aspernatur ea et eum. Perferendis unde iusto sunt.', 'Team-oriented motivating conglomeration', 'Jr.', 4.00),
	(314, 'Non suscipit facere et facilis possimus ullam molestiae. Autem iure repellendus dolorum voluptatibus', 'Phased transitional synergy', 'Jr.', 1.00),
	(315, 'Voluptatem sed ipsam aut nam nihil. Neque laudantium recusandae nemo veniam. Assumenda fugiat quam m', 'User-centric content-based workforce', 'Sr.', 5.00),
	(316, 'Quam illo velit consectetur est ea. Autem et debitis incidunt voluptatum nobis nostrum sit. Veniam r', 'Multi-tiered context-sensitive hub', 'Jr.', 0.00),
	(317, 'Consectetur error quos error similique cum. Minus aut sit assumenda odit quas qui corporis. Quas ame', 'Triple-buffered grid-enabled extranet', 'DVM', 9.00),
	(318, 'Quibusdam necessitatibus occaecati nulla qui et. Et porro ut aut a et. Voluptas qui et ex sit ducimu', 'Total user-facing policy', 'MD', 4.00),
	(319, 'Magni alias accusantium aspernatur at est rerum dolor. Repellendus quae quia voluptas neque reiciend', 'Optimized multi-state website', 'MD', 9.00),
	(320, 'Ut et dolores ipsa eos officiis vero deserunt. Quia maiores vel magnam consectetur commodi quia in.', 'Object-based holistic knowledgebase', 'V', 2.00),
	(321, 'Similique error tempora sit sed. Qui nam optio atque suscipit porro odit corporis et. Et voluptatem ', 'Public-key optimizing solution', 'III', 9.00),
	(322, 'Doloremque sunt ullam quia voluptatum excepturi sed. Laborum recusandae ut ab quod provident ab ab. ', 'Public-key 24/7 project', 'DDS', 0.00),
	(323, 'Ipsum optio id velit facere optio labore. Sunt fuga ut quod ipsam ex excepturi. Autem magnam et blan', 'Focused methodical info-mediaries', 'PhD', 9.00),
	(324, 'Culpa soluta voluptatem provident maxime ipsum labore maxime quia. Temporibus dolores provident nam ', 'Synergized object-oriented solution', 'II', 4.00),
	(325, 'Rerum et eligendi voluptatem. Incidunt nostrum eveniet assumenda maxime autem accusantium. Ratione q', 'Centralized didactic circuit', 'DVM', 4.00),
	(326, 'Ut et dolorum odit qui saepe fuga. Est cumque rem ipsa voluptatum dolorem explicabo. Fugit reiciendi', 'Enhanced client-driven initiative', 'PhD', 8.00),
	(327, 'Officiis et eligendi accusamus dolores qui. Expedita aperiam minus iure est. Ipsam vel adipisci susc', 'Extended static archive', 'III', 0.00),
	(328, 'Pariatur rerum quam pariatur. Earum dolorem vero quod et dolorum dolor architecto. Possimus ut et as', 'Sharable multi-state artificialintelligence', 'II', 6.00),
	(329, 'Minima aut eveniet unde quasi culpa fuga. Dolor esse omnis animi velit aut in porro. Veniam expedita', 'Polarised reciprocal capacity', 'V', 0.00),
	(330, 'Est neque architecto quibusdam in ex reiciendis. Animi praesentium commodi alias et. Corrupti non od', 'Innovative leadingedge matrix', 'II', 9.00),
	(331, 'Amet vitae vitae quidem deserunt consequatur eius. Quis non consequatur magnam accusantium possimus ', 'De-engineered mission-critical success', 'DVM', 9.00),
	(332, 'At voluptatem nesciunt natus et asperiores. Nulla voluptas aliquid quae non occaecati. Et ullam odio', 'Automated 4thgeneration database', 'MD', 5.00),
	(333, 'Animi repellat ab impedit minus. Et error consectetur qui. Quas sapiente unde voluptate quae. At inv', 'Intuitive modular throughput', 'MD', 5.00),
	(334, 'Illum voluptatem iusto doloremque eveniet est deleniti aliquam dicta. Aut sint eum unde assumenda. A', 'Vision-oriented impactful database', 'PhD', 4.00),
	(335, 'Asperiores sit sunt in magni quia et. Maxime et qui recusandae est ipsam voluptatibus ipsam consequa', 'Facetoface demand-driven productivity', 'V', 7.00),
	(336, 'At et quis voluptas enim. Atque impedit quis et accusamus quasi. Ullam optio culpa et et placeat.', 'Synergistic local concept', 'Sr.', 7.00),
	(337, 'Ducimus amet aut facere ea architecto in iusto. Ut harum eos sed laudantium. Labore minima culpa nes', 'Up-sized logistical superstructure', 'I', 4.00),
	(338, 'Est eveniet nostrum aspernatur id qui amet. Dolorum ad voluptas iure perferendis et reprehenderit be', 'Progressive stable support', 'IV', 3.00),
	(339, 'Sed saepe dolor harum repudiandae voluptatum. Veritatis eum rerum omnis architecto odit. Aut necessi', 'Extended composite standardization', 'V', 4.00),
	(340, 'Laborum totam cumque officia. Modi eveniet aperiam aut illo veritatis. Alias et nulla debitis molest', 'Extended content-based collaboration', 'DVM', 9.00),
	(341, 'Necessitatibus quisquam est et dolor. Libero dolores est aliquam saepe ut. Natus praesentium enim vo', 'Visionary encompassing approach', 'DDS', 9.00),
	(342, 'Quaerat aspernatur maxime corrupti et. Exercitationem nostrum molestiae et architecto quae laudantiu', 'Universal high-level workforce', 'DVM', 3.00),
	(343, 'Ipsum cum odio deleniti eveniet numquam eum eum. Molestiae ipsa et qui illum mollitia. Et sunt omnis', 'Profit-focused incremental projection', 'DVM', 5.00),
	(344, 'Qui modi ex illum quaerat consequatur molestias. Cum magnam quaerat nemo ut. Neque suscipit sed cons', 'Future-proofed directional pricingstructure', 'IV', 6.00),
	(345, 'Quibusdam aut eum consectetur error. Consequatur dolorum quam sed fugiat excepturi et fugiat atque. ', 'Exclusive homogeneous groupware', 'MD', 0.00),
	(346, 'Voluptas possimus esse voluptatem cum tempore itaque culpa. Non natus id corporis adipisci iste qui ', 'Focused foreground benchmark', 'DVM', 1.00),
	(347, 'Beatae esse molestiae cum quia. Asperiores adipisci laudantium autem sed. Quis cupiditate aut rerum ', 'Advanced interactive knowledgebase', 'III', 8.00),
	(348, 'Officia sed veniam porro odio. Ut voluptas ut placeat aut. Cum excepturi nisi minima maxime voluptat', 'Team-oriented mobile forecast', 'DVM', 0.00),
	(349, 'At minima ut quam qui placeat hic. Voluptas eum nulla dolor magni. Quo dolorem odit provident sit no', 'Organized eco-centric attitude', 'I', 4.00),
	(350, 'Dignissimos fugit sunt cupiditate et repellat. Adipisci aut dolores optio est id tempore dolore. Vel', 'Persistent zerodefect securedline', 'Sr.', 3.00),
	(351, 'Repudiandae et aut soluta facilis explicabo aut sunt perferendis. Rem nihil officiis magnam velit te', 'Polarised cohesive functionalities', 'IV', 2.00),
	(352, 'Quo ut et repudiandae ut. Earum voluptatem nostrum ratione perspiciatis.\nA ut sunt placeat nesciunt.', 'Configurable intermediate interface', 'I', 3.00),
	(353, 'Nihil ut dolores laborum. Neque mollitia voluptas autem in quia. Voluptas qui quam qui consequuntur ', 'Operative multi-tasking forecast', 'Jr.', 9.00),
	(354, 'Alias et fugiat ab enim consequatur est nobis sed. Sed doloremque beatae sit. Aut pariatur non autem', 'Programmable methodical focusgroup', 'II', 8.00),
	(355, 'Sunt eligendi et nisi aliquid. Ratione quaerat et delectus deleniti maxime. Eius eos voluptatem quae', 'Vision-oriented solution-oriented database', 'II', 0.00),
	(356, 'Saepe eum et aliquam eos. Vel voluptatem ullam quas quia nemo assumenda. Eos soluta consequuntur ita', 'Networked methodical hub', 'Jr.', 2.00),
	(357, 'Est sit ut officia qui. Sed dolores nihil sit assumenda amet et sit. Quo laudantium ut ut eius sunt ', 'Assimilated well-modulated policy', 'IV', 2.00),
	(358, 'Consequatur illum voluptatem rem culpa consequuntur. Explicabo consequatur maiores enim. Nulla dolor', 'Networked demand-driven knowledgeuser', 'DVM', 8.00),
	(359, 'Aut nulla cum hic aliquid non. Cupiditate sed modi omnis. Consequatur voluptas distinctio ipsum qui ', 'Persevering neutral service-desk', 'I', 3.00),
	(360, 'Nam quia reiciendis rerum optio. Ducimus accusamus perferendis sint laboriosam. Quia adipisci repudi', 'Organized hybrid solution', 'I', 7.00),
	(361, 'Et sint possimus dolor et exercitationem. Quis aut fuga officiis aut deserunt voluptas. Ratione dolo', 'Intuitive motivating leverage', 'IV', 1.00),
	(362, 'Qui reprehenderit vitae culpa sequi officiis repellendus. Deleniti ea autem ipsa repudiandae ipsa ea', 'Focused client-driven systemengine', 'II', 9.00),
	(363, 'Adipisci cumque amet natus quibusdam eos. Excepturi provident quae quis et autem veritatis in. Odit ', 'Cross-group context-sensitive concept', 'DVM', 3.00),
	(364, 'Est neque aut voluptatem error magnam ut. Ut commodi quam unde explicabo. Pariatur vitae officiis si', 'Multi-lateral neutral service-desk', 'V', 3.00),
	(365, 'Aperiam voluptates et eius explicabo est repellat. Sapiente ut porro est et voluptatum culpa tempore', 'Upgradable incremental methodology', 'PhD', 0.00),
	(366, 'Excepturi sit est voluptatem deserunt quod accusantium. Blanditiis id fugiat commodi ut omnis animi.', 'Expanded impactful knowledgebase', 'I', 4.00),
	(367, 'Et non amet consequatur repudiandae aut neque in. Maiores ut dolores quia consequatur facere. Doloru', 'Inverse local matrix', 'V', 6.00),
	(368, 'Magnam odit omnis eos consectetur est magnam labore. Vitae impedit placeat dolor consectetur et corr', 'Exclusive context-sensitive knowledgeuser', 'Jr.', 1.00),
	(369, 'Et ab voluptates saepe praesentium ratione impedit fugiat aperiam. Laudantium consequatur nesciunt a', 'Innovative human-resource neural-net', 'V', 4.00),
	(370, 'Impedit sit est dolorum laudantium quasi. Voluptas voluptatem nihil quos eveniet voluptates. Volupta', 'Distributed value-added implementation', 'DDS', 9.00),
	(371, 'Nostrum expedita at soluta omnis est quod quas. Autem mollitia et quisquam temporibus nihil.', 'User-centric multi-state hub', 'II', 4.00),
	(372, 'Quis dolores ut dolor quia voluptatum placeat. Corporis laudantium non pariatur dicta officiis harum', 'Business-focused 5thgeneration encoding', 'V', 2.00),
	(373, 'Ut ut inventore ut provident necessitatibus. Itaque eligendi id molestiae laborum optio in sed.', 'Multi-lateral upward-trending implementation', 'V', 0.00),
	(374, 'Sed rerum rem incidunt sunt aperiam nisi. Fugiat quam ut unde inventore quae nisi aut adipisci. Minu', 'Future-proofed exuding capacity', 'II', 7.00),
	(375, 'Ex quis et nihil sequi sed laboriosam pariatur. At unde perspiciatis dolores deleniti et.', 'Grass-roots web-enabled processimprovement', 'DDS', 1.00),
	(376, 'Nesciunt culpa nesciunt soluta voluptatem. Ut praesentium cupiditate illo dolorum vitae ut. Laborios', 'Business-focused foreground array', 'V', 2.00),
	(377, 'Enim officia repellendus accusantium nihil. Dicta iure nam modi ut deserunt. Qui odit ex nostrum mag', 'Devolved web-enabled GraphicInterface', 'Sr.', 3.00),
	(378, 'Eveniet sunt commodi quia nostrum et ipsum temporibus. Voluptate facilis eum occaecati iste fugiat. ', 'Advanced asynchronous functionalities', 'Sr.', 6.00),
	(379, 'Et ut neque exercitationem quibusdam ullam unde. Voluptatem nemo iste culpa velit eos sit facere ut.', 'Automated content-based benchmark', 'PhD', 1.00),
	(380, 'Quas pariatur quae voluptas magnam. Deleniti ipsam et veniam.', 'Polarised multi-tasking focusgroup', 'V', 5.00),
	(381, 'Aut voluptatibus veniam unde eveniet quam. In ipsum quos nobis ullam quisquam. Cum dignissimos inven', 'Enhanced client-server policy', 'DVM', 0.00),
	(382, 'Quia ut laborum accusamus ut accusamus quas dolorem. Qui et est nihil. Cumque a eius odio aut. Quisq', 'Organic attitude-oriented solution', 'V', 5.00),
	(383, 'Dolor dolorum id tempora eius aliquid aut. Rem commodi labore deserunt aliquid amet. Quia dicta qui ', 'Customizable dynamic framework', 'III', 1.00),
	(384, 'Quibusdam ex est voluptas est. Magni necessitatibus est doloremque perferendis cum earum. Earum eos ', 'Function-based homogeneous leverage', 'DDS', 1.00),
	(385, 'Qui explicabo suscipit voluptatem voluptatem. Quaerat hic qui deleniti iste. Dolor beatae aut repreh', 'Optimized bifurcated solution', 'PhD', 6.00),
	(386, 'Non sit rerum cumque nisi. Adipisci consequuntur officiis molestias quo consequatur.', 'Fundamental disintermediate portal', 'Jr.', 9.00),
	(387, 'Consequatur autem et fugiat molestiae aut sed voluptatem at. Sit molestias quam aut odio. Harum quid', 'Quality-focused systematic interface', 'V', 2.00),
	(388, 'Provident molestiae fugit sapiente aut quisquam dolorem. Neque expedita debitis repellendus porro. N', 'Progressive user-facing knowledgebase', 'Jr.', 4.00),
	(389, 'Ab vitae alias qui quod. Voluptas ullam nesciunt aut mollitia. Voluptatibus autem qui quas natus har', 'Re-engineered 5thgeneration toolset', 'PhD', 2.00),
	(390, 'Sit reprehenderit deleniti est vitae rem. Voluptates aut temporibus ullam vero omnis et. Quia optio ', 'Fully-configurable uniform ability', 'Sr.', 8.00),
	(391, 'Quis cupiditate officia corporis possimus. Ex sunt dicta unde qui voluptatem commodi vel praesentium', 'Re-engineered transitional hub', 'III', 9.00),
	(392, 'Voluptatibus velit iste officia quos laborum porro. Ut dolorem ad in facere.', 'Realigned foreground hub', 'PhD', 4.00),
	(393, 'Eligendi tenetur consectetur reiciendis consequuntur vero voluptate pariatur. Eaque ut ut rerum et u', 'Ameliorated full-range architecture', 'II', 6.00),
	(394, 'Iure iste aut sint molestias doloremque quo. Omnis sapiente occaecati molestiae. Et tempora odio ea ', 'Profit-focused cohesive encryption', 'MD', 4.00),
	(395, 'Et laborum sit harum eaque non. Ullam dolorem nam non optio alias. Nihil vitae explicabo debitis omn', 'Robust attitude-oriented application', 'Sr.', 5.00),
	(396, 'Consequatur consequatur ipsa facilis rerum qui. Voluptates tempore nam sed esse eos. Facere sit dolo', 'Synergized solution-oriented info-mediaries', 'MD', 4.00),
	(397, 'Ex dolorum vel quasi praesentium. Quia dicta voluptate qui. Nobis voluptate minima ducimus. Autem do', 'Synchronised national array', 'DDS', 3.00),
	(398, 'Nihil aut temporibus omnis enim. Et eaque sed dolorem qui natus. Id suscipit omnis esse fugiat.', 'Innovative background customerloyalty', 'III', 2.00),
	(399, 'Nulla a iure numquam ipsa voluptatem quia eaque. Eius tempore fuga voluptate enim vero quae. Laborio', 'Customer-focused encompassing infrastructure', 'MD', 3.00),
	(400, 'Accusantium iure voluptatem aspernatur vitae pariatur omnis praesentium. Magni expedita itaque est f', 'Digitized 4thgeneration migration', 'Sr.', 0.00),
	(401, 'Dolor quos vel aut eum nisi. Sit sunt aspernatur architecto qui. Cupiditate tempore non sit doloremq', 'Multi-lateral content-based projection', 'II', 1.00),
	(402, 'Non iusto natus dignissimos alias voluptatem voluptatum et. Omnis optio et autem illo omnis.', 'Realigned bi-directional artificialintelligence', 'DDS', 4.00),
	(403, 'Est vel ut voluptatem doloribus temporibus. Occaecati beatae sed illo nobis nisi dolores et incidunt', 'User-centric executive opensystem', 'I', 5.00),
	(404, 'Provident a possimus consequatur ipsum et pariatur aut. Est aspernatur a odio eum assumenda consequa', 'Configurable 24/7 neural-net', 'Sr.', 9.00),
	(405, 'Expedita accusamus nisi rerum magnam rem autem aspernatur hic. Odio laborum possimus non quia. Vero ', 'Customer-focused mobile protocol', 'II', 7.00),
	(406, 'Aliquam et possimus magnam omnis dolores. Animi illo rerum ut sit eligendi. Quidem accusamus dolores', 'Synergized directional benchmark', 'III', 5.00),
	(407, 'Possimus quis voluptatem voluptatem aut est quia. Ex velit possimus eum nobis doloribus qui iste. Od', 'Upgradable systemic artificialintelligence', 'MD', 8.00),
	(408, 'Quaerat et modi non consectetur explicabo eos. Fugit eum tenetur totam quod sed quasi. Tempore iusto', 'Re-contextualized even-keeled alliance', 'IV', 6.00),
	(409, 'Laborum dolore nulla est esse praesentium. Earum dolor rem voluptas ut. Et suscipit debitis quia id ', 'Cross-platform maximized throughput', 'V', 5.00),
	(410, 'Voluptates quo magnam in. Molestiae fuga nemo aut soluta dolorum.', 'Robust client-server intranet', 'V', 5.00),
	(411, 'Fuga nostrum aperiam cum et corporis est. Similique rerum dolores quasi possimus dolorem velit. Et d', 'Proactive tertiary website', 'Sr.', 5.00),
	(412, 'Quia ut quia nulla earum et provident. Deleniti reiciendis earum nemo. Deleniti quam necessitatibus ', 'Down-sized systemic groupware', 'Jr.', 1.00),
	(413, 'Itaque vitae voluptas ipsam recusandae quasi dolor voluptatem in. Excepturi provident quidem ipsam s', 'Mandatory well-modulated adapter', 'I', 7.00),
	(414, 'Quis deserunt praesentium provident esse id. Exercitationem et iure molestias soluta a optio.', 'Expanded radical artificialintelligence', 'IV', 5.00),
	(415, 'Et blanditiis deleniti dolores dolorem libero. Saepe dolores ipsam dolorem fugiat omnis. Sit soluta ', 'Fully-configurable user-facing openarchitecture', 'V', 5.00),
	(416, 'Exercitationem hic aliquam sapiente magnam aliquid temporibus. Et sint ipsam dignissimos. Labore ips', 'Multi-lateral assymetric approach', 'III', 8.00),
	(417, 'Eius et eaque in dolorum. Corrupti nemo magnam et sit rerum eligendi. Cumque culpa quisquam quaerat ', 'Team-oriented bi-directional opensystem', 'III', 9.00),
	(418, 'Natus porro quidem nam officia voluptatem et. Et est ut sequi. Sit odio vero dolorem voluptas enim v', 'Triple-buffered national frame', 'II', 2.00),
	(419, 'Quia dolorem adipisci commodi inventore eaque consectetur. Est voluptas vel at sed et minus non sequ', 'Innovative transitional core', 'V', 6.00),
	(420, 'Eaque et aut sequi quasi. Autem molestiae qui quam eius. Ut earum laboriosam reprehenderit et in vol', 'Up-sized tangible emulation', 'Sr.', 3.00),
	(421, 'Aut minima ut saepe quo. Quia natus et aut quia. Ipsum aut blanditiis blanditiis tempora autem qui d', 'Multi-tiered executive groupware', 'MD', 0.00),
	(422, 'Nemo et nam tempore voluptates voluptates molestiae. Est et aut aperiam enim eaque est nostrum. Pari', 'Streamlined tertiary securedline', 'PhD', 5.00),
	(423, 'Aperiam eaque quisquam nemo est excepturi eos rem. Odio eum nihil quidem ut non. Doloremque sunt del', 'Multi-tiered non-volatile project', 'Jr.', 8.00),
	(424, 'Ut quasi ut ullam odio ut mollitia. Officiis dolore qui distinctio ut eum modi cupiditate. Et sint c', 'Multi-channelled asynchronous info-mediaries', 'II', 2.00),
	(425, 'Deserunt omnis consequatur ut. Voluptatibus expedita nobis sit ut. Omnis vel ullam atque est aliquid', 'Down-sized actuating groupware', 'DDS', 3.00),
	(426, 'Assumenda exercitationem quia doloremque animi et rerum corporis. Dicta dolor eius quasi voluptate. ', 'Persevering 5thgeneration parallelism', 'Jr.', 5.00),
	(427, 'Tenetur porro molestiae et voluptatibus quo. Quia ex blanditiis amet alias incidunt. Fugit quae sed ', 'Automated motivating toolset', 'PhD', 7.00),
	(428, 'Nobis iusto atque eum minima reiciendis suscipit aut. Rem explicabo est eum. Impedit atque dignissim', 'Automated zerodefect migration', 'MD', 0.00),
	(429, 'Architecto nobis voluptas dolore ad. At quod provident sit nostrum illum. Rerum rerum est est ut max', 'Organized static emulation', 'III', 4.00),
	(430, 'Aut animi autem laboriosam eveniet. Excepturi ipsum veniam nisi ut perspiciatis nihil fuga voluptate', 'Progressive background support', 'I', 3.00),
	(431, 'Quia atque nesciunt rerum hic aut asperiores porro. Omnis quas modi vel modi perferendis molestiae. ', 'Persistent assymetric support', 'PhD', 1.00),
	(432, 'Alias aut in non nostrum dignissimos sed voluptatum. Non perferendis ea provident a accusantium aut.', 'Pre-emptive object-oriented paradigm', 'IV', 6.00),
	(433, 'Consequatur voluptate error velit eum in velit. Deleniti aut vel magnam consequatur. Nihil magnam re', 'Synchronised content-based firmware', 'III', 8.00),
	(434, 'Nulla enim voluptatibus sint facilis accusamus. Et accusantium ea voluptas beatae vel.', 'Profound bottom-line collaboration', 'PhD', 1.00),
	(435, 'Molestias corrupti ratione consequatur cum est saepe. Nesciunt quis autem voluptatem.', 'Customizable discrete strategy', 'IV', 7.00),
	(436, 'Magnam laudantium accusantium necessitatibus voluptatum. Accusamus magnam aspernatur quaerat placeat', 'Fully-configurable zeroadministration groupware', 'Sr.', 1.00),
	(437, 'Possimus culpa excepturi animi velit labore consequuntur. Earum qui quisquam similique inventore eiu', 'Polarised optimal parallelism', 'DDS', 2.00),
	(438, 'Totam incidunt ut quisquam. Repudiandae cumque est non. Neque labore veritatis dicta eos possimus.', 'Grass-roots disintermediate frame', 'DVM', 3.00),
	(439, 'Officia temporibus architecto tenetur blanditiis molestias nulla. Quia rem odit et aspernatur explic', 'Enterprise-wide solution-oriented matrix', 'IV', 5.00),
	(440, 'Quia facilis est omnis illum exercitationem. Laborum tenetur aut in quia amet praesentium. Repellend', 'Multi-lateral client-server pricingstructure', 'III', 6.00),
	(441, 'Sed vitae ab omnis omnis officia exercitationem hic. Rem dolor unde quaerat.', 'Inverse 4thgeneration concept', 'MD', 8.00),
	(442, 'Vero tempore omnis debitis. Provident deserunt natus quasi est nostrum. Error ut ullam sed deleniti ', 'Inverse human-resource policy', 'V', 9.00),
	(443, 'Ipsam corrupti sit ullam libero tempora ullam omnis. Possimus sit corporis illum corporis iste vitae', 'Reverse-engineered bi-directional throughput', 'DDS', 2.00),
	(444, 'Alias qui perspiciatis doloremque totam tenetur. Praesentium asperiores incidunt consequatur est sin', 'Cross-group mission-critical help-desk', 'PhD', 8.00),
	(445, 'Suscipit delectus nostrum et. Unde non expedita aut. Qui omnis sed quos animi nisi atque. Ab qui vel', 'Grass-roots clear-thinking internetsolution', 'Jr.', 7.00),
	(446, 'Est laborum magnam molestiae rem. Alias nesciunt odit nam dolorum tempore fugit sed. Rerum dolores a', 'Seamless tertiary portal', 'Sr.', 5.00),
	(447, 'Assumenda facilis laboriosam aut odio delectus. Quisquam quasi velit quasi et ut dolores sit provide', 'Inverse discrete project', 'MD', 6.00),
	(448, 'Et qui velit voluptates odit fugiat molestias iusto. Qui non est placeat molestiae voluptatem molest', 'Proactive coherent attitude', 'I', 0.00),
	(449, 'Sunt aliquid impedit eveniet repellendus voluptatem rerum. Alias magnam enim quibusdam vel modi. Ips', 'Optional actuating openarchitecture', 'III', 3.00),
	(450, 'Quia in itaque qui provident facilis libero numquam et. Voluptatibus consequuntur delectus corrupti ', 'Distributed scalable forecast', 'DDS', 5.00),
	(451, 'Quae id facere perferendis recusandae molestias dignissimos aliquid. Magnam ad consequuntur libero e', 'Public-key directional GraphicalUserInterface', 'I', 1.00),
	(452, 'Repellendus inventore aperiam voluptate deserunt atque ex aut ipsa. Voluptates saepe sequi aut sunt ', 'Visionary background paradigm', 'PhD', 6.00),
	(453, 'Voluptates suscipit delectus debitis asperiores eveniet adipisci. Dolor neque perferendis dolorem fu', 'Integrated logistical product', 'V', 4.00),
	(454, 'At sint corporis possimus quaerat. Architecto molestias aut laboriosam ipsa. Distinctio sequi alias ', 'Customizable attitude-oriented ability', 'MD', 8.00),
	(455, 'Quia quia quos explicabo sequi occaecati est. Quibusdam necessitatibus eos molestias. Voluptatem ips', 'Cloned national array', 'PhD', 1.00),
	(456, 'Repudiandae aut dolorem quae nihil assumenda est. Omnis eos dolores vel officiis corporis quasi dolo', 'User-centric scalable GraphicalUserInterface', 'III', 1.00),
	(457, 'Et cum explicabo est tempore fugit dolore cupiditate. Ipsum quia nesciunt assumenda est. Minus harum', 'Versatile regional definition', 'Sr.', 4.00),
	(458, 'Minus nostrum molestias totam tempore. Rerum non quia omnis. Doloremque magnam vel ab molestias et.', 'Facetoface zerotolerance moratorium', 'DVM', 8.00),
	(459, 'Quibusdam numquam sunt eos ut sed nemo possimus. Rerum illo qui mollitia temporibus aperiam.', 'Stand-alone heuristic utilisation', 'PhD', 5.00),
	(460, 'Numquam beatae praesentium reiciendis unde exercitationem magni. At iure consequuntur a modi. Quia u', 'Automated content-based hierarchy', 'III', 4.00),
	(461, 'Rerum sit reprehenderit cumque ad exercitationem et et eius. Minus ut maiores optio porro occaecati.', 'Synergized well-modulated model', 'PhD', 1.00),
	(462, 'Dolorem illo consequatur quam dolor consequatur. Qui suscipit quis consequuntur et porro ut amet. Au', 'Profit-focused radical emulation', 'V', 4.00),
	(463, 'Corporis deleniti ipsam incidunt. Autem veniam voluptas rem libero dolores repellendus. Aliquam fugi', 'Future-proofed eco-centric GraphicalUserInterface', 'I', 3.00),
	(464, 'Facilis consequatur mollitia natus aut harum blanditiis tenetur. Impedit quae voluptatum praesentium', 'Upgradable static firmware', 'DDS', 3.00),
	(465, 'Nemo reiciendis quia nulla soluta. Amet eius non tempore dolorem.', 'Centralized empowering capability', 'I', 1.00),
	(466, 'Hic eligendi illo amet illo provident ea odit. Quaerat rem vel ad nam. Corporis mollitia tempore ver', 'Secured cohesive definition', 'V', 9.00),
	(467, 'Quia voluptate velit exercitationem ut et et. Eos ipsum illo id rerum. Perspiciatis tempora consequa', 'Virtual disintermediate attitude', 'Sr.', 1.00),
	(468, 'Quia adipisci quia iusto deleniti eos magnam dolor. Dolorum aliquid doloremque maiores deleniti prov', 'Right-sized cohesive capacity', 'II', 3.00),
	(469, 'Commodi voluptas nisi numquam non voluptatibus perspiciatis. Dolor cumque sit ratione laboriosam quo', 'Compatible grid-enabled utilisation', 'MD', 6.00),
	(470, 'Molestiae voluptate sapiente quasi. Aut quis officia reiciendis nihil. Dolores et deleniti magnam fa', 'Down-sized asynchronous interface', 'MD', 5.00),
	(471, 'Omnis non debitis excepturi eum. Dolore voluptatem eum aliquam cupiditate in aut enim. Enim illum et', 'Polarised static software', 'DVM', 7.00),
	(472, 'Inventore nemo iste commodi incidunt minus explicabo qui sit. Aspernatur vero rerum et nobis similiq', 'Programmable heuristic frame', 'MD', 2.00),
	(473, 'Sunt voluptas impedit sint aut ea libero. Sed et velit velit aut pariatur ea. Hic nisi amet pariatur', 'Customer-focused zerodefect instructionset', 'DDS', 6.00),
	(474, 'Asperiores libero cum ab accusantium nihil tempore quis. Ullam corporis consequatur perferendis est ', 'Extended mission-critical moratorium', 'II', 1.00),
	(475, 'Molestias ex rem ratione perferendis officiis. Reprehenderit libero aliquam pariatur nostrum dolore ', 'Polarised empowering initiative', 'Sr.', 7.00),
	(476, 'Voluptatem ut iure dignissimos autem. Nulla exercitationem sed odit ut et blanditiis. Doloremque nam', 'Future-proofed discrete ability', 'II', 4.00),
	(477, 'Voluptates nam ut nam ad ut voluptate. Debitis quis delectus minus temporibus saepe maxime dicta. Es', 'Visionary bottom-line projection', 'Sr.', 5.00),
	(478, 'Aspernatur tenetur illum consequatur sit odit distinctio unde minus. Et aut eum reprehenderit explic', 'User-friendly regional approach', 'MD', 9.00),
	(479, 'Quasi rem quos animi explicabo. Harum dolorum autem ab. Ab velit aut et similique a.', 'Enhanced zeroadministration groupware', 'DVM', 6.00),
	(480, 'Accusamus et quo laboriosam culpa nisi quia. Aliquid sunt quo amet ut eveniet quaerat sed molestiae.', 'Triple-buffered systemic extranet', 'DDS', 9.00),
	(481, 'Quibusdam velit quia consequatur. Et et perferendis placeat facere temporibus. Voluptates perferendi', 'Front-line 24hour support', 'Jr.', 4.00),
	(482, 'Ut minus ea dicta illo. Nesciunt rerum atque veniam laboriosam ut.', 'Realigned mobile knowledgeuser', 'I', 4.00),
	(483, 'Quas laudantium quibusdam explicabo est ex incidunt est. Quasi vel qui numquam. Eos rerum et quis nu', 'Decentralized assymetric conglomeration', 'Sr.', 3.00),
	(484, 'Rerum quo aliquam quia quis doloribus. Perferendis veniam voluptas placeat nobis explicabo amet. Quo', 'Synchronised cohesive firmware', 'III', 9.00),
	(485, 'Labore nobis ullam consequuntur quia et. Non delectus vero quia tempore officiis. Possimus sint volu', 'Extended systematic processimprovement', 'Jr.', 7.00),
	(486, 'Ab et minima voluptatem atque. Illum impedit ea totam qui eligendi. Et quia vel et veniam.', 'Cross-group interactive success', 'I', 1.00),
	(487, 'Animi tenetur deleniti autem minima architecto et. Delectus non aut aliquam sit dicta saepe neque. Q', 'Grass-roots zerodefect encryption', 'DDS', 2.00),
	(488, 'At voluptate dolores modi recusandae. Possimus sunt dolorem ipsam est aut voluptatibus quod sed. Qua', 'Enterprise-wide incremental architecture', 'Jr.', 0.00),
	(489, 'Nulla et blanditiis ad eveniet. Aperiam voluptas exercitationem libero architecto dolorem quo deseru', 'Virtual national systemengine', 'Jr.', 9.00),
	(490, 'Corporis voluptas assumenda maiores explicabo. Optio laudantium vel explicabo sed. Quaerat et corrup', 'Progressive object-oriented customerloyalty', 'Jr.', 4.00),
	(491, 'Reprehenderit non voluptatem nihil dicta dolorum assumenda alias. Velit dicta at expedita nihil. Nis', 'Enhanced system-worthy forecast', 'Jr.', 3.00),
	(492, 'Est enim alias iste rerum veniam officiis voluptatum. Quo nihil doloribus impedit hic tenetur quia. ', 'Diverse demand-driven localareanetwork', 'MD', 6.00),
	(493, 'Nostrum iste quas ut sed similique. Expedita sequi voluptas quas qui nulla. Debitis et sequi delectu', 'Cross-platform neutral intranet', 'Jr.', 7.00),
	(494, 'Est veritatis hic quia omnis aut ea. Corrupti eos itaque earum earum aut. Enim molestiae molestiae d', 'Re-engineered system-worthy definition', 'Sr.', 2.00),
	(495, 'Corporis optio placeat neque repellat. Tempore non dignissimos nobis aut. Voluptatem ut modi et veni', 'User-friendly demand-driven task-force', 'V', 1.00),
	(496, 'Et nihil reprehenderit tempore ut voluptate ipsum sunt. Exercitationem est veritatis perferendis qui', 'Multi-lateral hybrid leverage', 'Sr.', 3.00),
	(497, 'Esse eos et quod. Beatae optio quia praesentium sit aliquam quisquam. Sit eveniet veritatis in.', 'Horizontal transitional standardization', 'DDS', 3.00),
	(498, 'Dicta voluptatem et quae voluptas reprehenderit suscipit. Ut nemo fugiat vel facilis. Quidem nihil e', 'Devolved homogeneous GraphicalUserInterface', 'II', 0.00),
	(499, 'Esse autem quasi est et. Ab culpa ratione dolores aut asperiores. Iure eum aliquid eveniet provident', 'Self-enabling motivating task-force', 'PhD', 7.00),
	(500, 'Dolorem voluptates recusandae ut aspernatur doloremque deserunt et libero. Aspernatur quia excepturi', 'Enterprise-wide analyzing instructionset', 'II', 8.00),
	(501, 'Quis modi vero cupiditate corrupti rerum deserunt. Omnis possimus corporis nihil sit hic. Ratione et', 'Universal cohesive matrices', 'PhD', 7.00),
	(502, 'Exercitationem magni veritatis et iste dolor ut. Eaque sunt omnis suscipit dolor. Quibusdam quod acc', 'Inverse 24/7 hierarchy', 'PhD', 8.00),
	(503, 'Sed autem corrupti dolorem vitae iure. Nemo nihil perferendis ex temporibus. Exercitationem ea dolor', 'Seamless zerodefect benchmark', 'II', 3.00),
	(504, 'At voluptas dolor reiciendis voluptas dolores maiores facere. In id laborum veritatis optio et accus', 'Decentralized value-added attitude', 'V', 7.00),
	(505, 'Distinctio omnis porro labore rem. Ab nihil et non aut harum eos. Magni cupiditate officiis eum quia', 'Operative explicit encryption', 'II', 6.00),
	(506, 'Cupiditate voluptas quis ut delectus. Voluptatem eum quisquam temporibus sed. Similique voluptatem n', 'Re-engineered foreground pricingstructure', 'MD', 4.00),
	(507, 'Neque non in sunt harum voluptas omnis dolorem. Sit quos voluptas facilis omnis.', 'Automated multi-tasking function', 'Sr.', 5.00),
	(508, 'Tenetur laborum fuga quo aut et. Cumque veritatis harum saepe rerum. Rerum rerum fugiat reiciendis i', 'Customer-focused dedicated analyzer', 'DVM', 0.00),
	(509, 'Provident reiciendis hic dolorem voluptatem tenetur. Architecto accusantium eius dolores veniam. Dol', 'Open-architected intermediate openarchitecture', 'III', 9.00),
	(510, 'Odio et quod qui esse. Iste rerum modi rem eligendi nisi. Recusandae consequatur minima aut ab.', 'Optimized zerotolerance solution', 'Sr.', 1.00),
	(511, 'Ea atque aut numquam saepe ut est dolorum. Minus cupiditate quia omnis et expedita. Harum nostrum re', 'Versatile homogeneous info-mediaries', 'PhD', 4.00),
	(512, 'Consequatur asperiores cum vitae aut optio adipisci. Sint dicta in facere maiores voluptatem. Minus ', 'Phased zeroadministration access', 'IV', 2.00),
	(513, 'Voluptatibus dolorum facere molestias quae ut et. Assumenda deleniti quaerat eaque laudantium qui et', 'Pre-emptive background benchmark', 'Jr.', 5.00),
	(514, 'Est dignissimos molestiae nemo aut velit nemo et. Maxime praesentium sit sed tenetur atque quas.', 'Synergistic responsive protocol', 'III', 7.00),
	(515, 'Aliquam similique explicabo sed est porro. Temporibus odio fugit est iusto tempora in. Repellat solu', 'Managed bottom-line interface', 'I', 2.00),
	(516, 'Beatae sint saepe in totam. Aut est ipsum fuga aut illo dolore voluptas. Repudiandae aut expedita fu', 'Team-oriented full-range architecture', 'DDS', 1.00),
	(517, 'Possimus quas ut eaque vel aut dolore eos sit. Vel et alias consequatur omnis et. Reiciendis dolor e', 'Customizable attitude-oriented success', 'V', 8.00),
	(518, 'Distinctio autem in consequatur consequatur non at facere. Ut saepe minus voluptatibus totam et. Et ', 'Customizable directional intranet', 'PhD', 8.00),
	(519, 'Optio vel quae veritatis est ea quam dolor. Animi saepe hic reiciendis corrupti. Iure dolorem velit ', 'Multi-layered contextually-based budgetarymanagement', 'Jr.', 9.00),
	(520, 'Mollitia repellat id doloribus. Facilis error eos officia. Quis est laudantium quod explicabo rerum ', 'Cloned optimizing moderator', 'DVM', 9.00),
	(521, 'Perferendis delectus aut error quidem nulla. Fugiat libero ut aut odit nisi. Ab et aut qui cupiditat', 'Self-enabling motivating customerloyalty', 'V', 5.00),
	(522, 'Iusto consequatur quis explicabo est aut tempore placeat. Aperiam inventore aliquam qui. Nostrum ut ', 'Digitized clear-thinking array', 'Sr.', 5.00),
	(523, 'Eum eos sint totam est doloremque sequi. Eum illum sit amet rerum quibusdam. Eligendi doloremque adi', 'Implemented directional matrix', 'V', 2.00),
	(524, 'Quam quia facilis eos voluptatibus. Placeat minus id quis non sunt illum temporibus. Eaque ab tempor', 'Inverse radical internetsolution', 'Sr.', 4.00),
	(525, 'Ut quisquam id fuga atque at praesentium dicta sunt. Mollitia et at et explicabo eum. At rerum ut ad', 'Team-oriented 4thgeneration synergy', 'II', 1.00),
	(526, 'Repellat rem ut tempore ut velit quae quas. Quis dolore ab qui quisquam id ab. Aut aut qui voluptate', 'Assimilated bifurcated software', 'III', 4.00),
	(527, 'Earum iure commodi sint quidem omnis. Veritatis ipsum voluptas explicabo et libero ab consectetur. E', 'Customizable grid-enabled data-warehouse', 'V', 1.00),
	(528, 'Aliquid et rerum id minima. Et iusto itaque accusantium molestiae dolor. Aspernatur sint sunt consec', 'Centralized methodical conglomeration', 'DDS', 4.00),
	(529, 'Accusamus autem aut id. Ab molestiae sint quos assumenda. Incidunt error doloremque aut impedit et s', 'Intuitive upward-trending hierarchy', 'DVM', 2.00),
	(530, 'Consequatur ipsam sed accusantium. Aut perspiciatis sit eos soluta cum. Laudantium iste nobis odio f', 'Object-based homogeneous frame', 'Jr.', 5.00),
	(531, 'Odio ut numquam magni illum. Et facere voluptatem animi placeat cumque voluptas repudiandae assumend', 'Open-architected empowering neural-net', 'II', 7.00),
	(532, 'Minima beatae corrupti error animi et blanditiis. Odio accusamus et tempora molestiae et. Provident ', 'Synchronised zerodefect portal', 'DVM', 9.00),
	(533, 'Nemo saepe magnam non non in. Ducimus eius vel iste asperiores voluptatem quidem id. Ea sed nobis ut', 'Reactive full-range adapter', 'I', 1.00),
	(534, 'Iusto laudantium fugiat minus pariatur nostrum voluptatem molestias eum. Aut ea repellat incidunt qu', 'Profound incremental info-mediaries', 'IV', 6.00),
	(535, 'Suscipit repudiandae quia aliquam velit rerum impedit ut. Ad impedit est aliquid itaque aliquam. Et ', 'Grass-roots demand-driven conglomeration', 'PhD', 9.00),
	(536, 'Reiciendis pariatur inventore exercitationem blanditiis eum ratione. Possimus dolorem corporis minus', 'Synchronised asynchronous projection', 'IV', 8.00),
	(537, 'Est a dolores veniam illum. Nam natus nostrum qui quasi magnam sit. Consequatur fugit ex sequi saepe', 'Automated 24/7 circuit', 'MD', 8.00),
	(538, 'Sed quas aut aut enim vitae et. Totam consectetur numquam magnam quod. Neque architecto provident ni', 'Decentralized eco-centric application', 'Jr.', 2.00),
	(539, 'Qui provident fugiat ut voluptatum sunt. Voluptatem velit libero veritatis nisi enim dignissimos. Ve', 'Progressive multi-state installation', 'IV', 0.00),
	(540, 'Animi voluptatum assumenda repellat nam. Distinctio delectus et id tempora voluptatem accusamus quae', 'De-engineered content-based middleware', 'V', 2.00),
	(541, 'Beatae eos omnis placeat deleniti eaque. Laborum qui porro consequatur velit nihil. Omnis possimus o', 'Virtual bottom-line matrices', 'Jr.', 8.00),
	(542, 'Est quidem impedit tempore velit eius incidunt. Totam quis et harum necessitatibus. Minus impedit do', 'Cross-group global matrix', 'DDS', 0.00),
	(543, 'Porro nostrum atque eos. Quos ipsum quam et esse dolores. Culpa nobis quae sed iure libero et totam.', 'Configurable coherent data-warehouse', 'II', 3.00),
	(544, 'Eos voluptatem nesciunt necessitatibus perferendis odio sunt. Omnis officiis eum est sint id. Dolori', 'Business-focused incremental productivity', 'PhD', 2.00),
	(545, 'Quod dignissimos quas aut rerum labore. Beatae voluptas in eaque laboriosam voluptates. Quis a nihil', 'User-friendly modular time-frame', 'I', 1.00),
	(546, 'Harum impedit occaecati quia ut sed. Commodi nihil neque qui omnis sit culpa voluptas. Sit occaecati', 'Profound 5thgeneration parallelism', 'V', 3.00),
	(547, 'Est saepe corrupti nam consequuntur. Hic porro qui pariatur qui sint sit non. Et et voluptas sed.', 'Balanced bi-directional time-frame', 'IV', 4.00),
	(548, 'Explicabo fugit sint consequatur sit beatae. Ea qui beatae impedit enim accusantium ut. Sit officia ', 'Object-based contextually-based GraphicInterface', 'IV', 9.00),
	(549, 'Quo ullam rerum dolor qui eaque sint. Ut a et soluta. Facilis quos suscipit illo dolores. Aut ut par', 'Fundamental well-modulated protocol', 'Sr.', 1.00),
	(550, 'Tempora repudiandae omnis repellat. Adipisci ad sit nam provident cum. Veniam occaecati dolorem quae', 'Multi-tiered multi-tasking definition', 'IV', 9.00),
	(551, 'Soluta dolor consequatur quo. Qui et culpa magni in quae aut ut. Optio voluptas et aut ex qui autem.', 'Implemented modular parallelism', 'II', 5.00),
	(552, 'Quo aspernatur et eius accusamus et. Sunt quisquam est quisquam. Placeat facere eaque eveniet et nat', 'Enterprise-wide bottom-line analyzer', 'Jr.', 0.00),
	(553, 'Molestiae ut reprehenderit fugit asperiores voluptatibus aliquam. Molestiae omnis praesentium sit et', 'Total discrete archive', 'IV', 6.00),
	(554, 'Hic alias quaerat ut porro. Dolores voluptas voluptates tempora et. Cum voluptatem aut voluptatem vi', 'Open-source systemic data-warehouse', 'Sr.', 9.00),
	(555, 'Numquam sint neque aliquam fugit autem. Ratione voluptatum ad expedita. Officia ad id fuga unde aliq', 'Persistent content-based instructionset', 'MD', 5.00),
	(556, 'Necessitatibus maxime qui velit et. Consequatur aut magni fuga earum. Sit et quidem recusandae sed. ', 'Stand-alone holistic strategy', 'DVM', 5.00),
	(557, 'Libero consequuntur aut hic repellat vel distinctio. Nostrum dolor debitis delectus quo fugiat volup', 'User-centric global infrastructure', 'I', 1.00),
	(558, 'Quibusdam sint autem est deserunt praesentium molestias. Illo enim reiciendis error deleniti quam at', 'Cross-platform regional knowledgeuser', 'I', 9.00),
	(559, 'Blanditiis eligendi dolor aut at. Porro sit minus voluptate perspiciatis sint aspernatur eligendi. D', 'Configurable high-level flexibility', 'DDS', 5.00),
	(560, 'Odio perferendis aut doloremque praesentium. In sapiente corrupti est cupiditate commodi et. Eaque m', 'Synchronised optimizing workforce', 'Sr.', 4.00),
	(561, 'Sed maxime molestias sequi. Et animi cumque perspiciatis qui eum consequatur. Error voluptatem magni', 'Operative didactic utilisation', 'PhD', 6.00),
	(562, 'Maiores minus vel doloribus aliquam sunt. Et consequatur rem modi a saepe qui est. Autem explicabo q', 'Synergistic intermediate framework', 'V', 0.00),
	(563, 'Magni sint cupiditate enim ex neque. Commodi ab aut incidunt sunt laudantium ut atque. Veniam et rep', 'Team-oriented disintermediate productivity', 'PhD', 3.00),
	(564, 'Corporis magnam ex aspernatur sequi. Cumque quis autem nam aut dolor. Tempora sed exercitationem ill', 'Reverse-engineered content-based securedline', 'Jr.', 3.00),
	(565, 'Voluptatem nobis ab laboriosam deleniti alias odit quia. Et rerum architecto quae ducimus voluptates', 'Decentralized 6thgeneration capacity', 'MD', 1.00),
	(566, 'Et et iusto nam sed modi nihil error similique. Aliquam non adipisci id earum corporis perspiciatis.', 'Balanced 3rdgeneration methodology', 'Jr.', 4.00),
	(567, 'Tempora molestiae id voluptatum cum blanditiis. Molestiae esse ducimus corrupti. Nobis quis iusto qu', 'Integrated 24/7 analyzer', 'MD', 0.00),
	(568, 'Sapiente in mollitia quaerat repellendus voluptas qui asperiores. Doloribus et nesciunt molestiae vo', 'Public-key 5thgeneration installation', 'III', 8.00),
	(569, 'Suscipit harum animi laborum unde voluptas. Impedit voluptatibus consequuntur qui omnis hic eveniet.', 'Horizontal needs-based throughput', 'IV', 3.00),
	(570, 'Aut ea alias dignissimos fugit iste et et rem. Et natus occaecati quia doloremque dolorum reprehende', 'Switchable human-resource access', 'DVM', 6.00),
	(571, 'Ad nihil quia repudiandae rerum. Aut veritatis reprehenderit natus laborum omnis. Voluptas voluptate', 'Triple-buffered zerotolerance encoding', 'V', 3.00),
	(572, 'Voluptatem laboriosam quae velit rem reprehenderit ducimus. Earum repudiandae delectus ut et id ut. ', 'Virtual heuristic collaboration', 'V', 7.00),
	(573, 'Odio reprehenderit eveniet et rem maxime consequuntur eligendi. Illum est rerum error velit qui. Ali', 'Enterprise-wide clear-thinking array', 'DDS', 5.00),
	(574, 'Dolorem odit quo et nesciunt qui aliquam. Atque excepturi quod asperiores quis. Est vero optio digni', 'Fundamental client-driven budgetarymanagement', 'PhD', 1.00),
	(575, 'Eligendi sed sed impedit. Et provident temporibus eum esse. Delectus iusto est dolorum eveniet quisq', 'Up-sized 6thgeneration model', 'MD', 9.00),
	(576, 'Voluptates nobis labore voluptatem explicabo error id. Facilis eos facilis sit vel eos. Sit voluptat', 'Implemented 4thgeneration projection', 'DVM', 6.00),
	(577, 'Non corrupti incidunt voluptas repudiandae numquam natus velit. Ut laboriosam mollitia possimus vero', 'Upgradable multi-tasking artificialintelligence', 'Jr.', 7.00),
	(578, 'Est et voluptates in eos. Expedita qui ut quia occaecati. Vel quod non optio commodi non reiciendis ', 'Advanced value-added matrices', 'II', 3.00),
	(579, 'Et nisi porro iure occaecati ipsam ut. Ipsam dolore nemo unde rerum est iusto non. Ea commodi ducimu', 'Operative optimizing complexity', 'Sr.', 5.00),
	(580, 'Quo nobis in cumque asperiores. Molestiae molestiae est distinctio. Similique assumenda repellendus ', 'Switchable intermediate intranet', 'III', 5.00),
	(581, 'Quae numquam repellat earum. Rerum quis repudiandae maxime numquam corrupti tenetur assumenda porro.', 'Cloned bottom-line pricingstructure', 'V', 3.00),
	(582, 'Illum commodi vel rem iure ut modi dolorum. Molestiae maxime enim assumenda suscipit iusto deserunt.', 'Virtual responsive concept', 'Jr.', 8.00),
	(583, 'Ut quia voluptas similique. Sint amet repudiandae aut. Ullam fuga dolores et ullam necessitatibus is', 'Phased actuating analyzer', 'V', 2.00),
	(584, 'Ipsam magnam qui ipsam quasi aut aliquam. Sit hic assumenda est nulla. Itaque totam architecto quod ', 'Business-focused actuating localareanetwork', 'III', 0.00),
	(585, 'Qui esse adipisci aut libero. Rem aut cupiditate impedit iste iste eum ab velit. Dolores temporibus ', 'Public-key encompassing framework', 'MD', 3.00),
	(586, 'Fugiat iste ab minima qui ut. Impedit laboriosam quibusdam est nihil aut enim. Est possimus sunt qui', 'Realigned tertiary strategy', 'I', 2.00),
	(587, 'Quaerat et qui alias eos ut. Voluptas nemo officia et eligendi quia. Sunt omnis voluptatem enim nequ', 'Organized scalable architecture', 'MD', 5.00),
	(588, 'Et fuga ratione eaque quas asperiores. Explicabo in expedita ullam voluptas ea. Pariatur ab et aut e', 'Distributed clear-thinking migration', 'I', 7.00),
	(589, 'Dolores neque adipisci ea dolorem inventore ab ducimus minima. Amet voluptatem dolorem fugit sint ea', 'Networked bottom-line contingency', 'Jr.', 2.00),
	(590, 'Tempore deleniti enim incidunt exercitationem facere voluptatum. Voluptates sit qui necessitatibus s', 'Organized 4thgeneration forecast', 'I', 5.00),
	(591, 'Est laudantium rerum tempore nisi quae. Recusandae cum sed modi exercitationem rerum. Ut nihil nisi ', 'Customer-focused mission-critical productivity', 'DDS', 3.00),
	(592, 'Sed accusamus facere dolor inventore praesentium est qui labore. Voluptate adipisci ut dignissimos s', 'Diverse grid-enabled productivity', 'III', 5.00),
	(593, 'Ut ut perferendis sequi. Quasi quisquam mollitia porro sit mollitia dolorem ipsam. Dolores quia odit', 'Optimized tertiary challenge', 'V', 0.00),
	(594, 'Rerum adipisci voluptas voluptas cupiditate quisquam. Delectus explicabo consequatur harum accusanti', 'User-centric object-oriented standardization', 'IV', 2.00),
	(595, 'Modi eligendi recusandae rerum. Tenetur debitis sed molestiae. Vel qui deleniti est porro est. Sint ', 'Diverse intermediate frame', 'DDS', 3.00),
	(596, 'Quia sunt quaerat ut eveniet vel. Facere deserunt facilis saepe et amet nostrum. Nemo minus eum blan', 'Multi-layered clear-thinking matrices', 'DDS', 3.00),
	(597, 'Et veniam reiciendis sed est. Qui accusantium aut adipisci ut. Fugit accusantium quia sint nam. Quae', 'Operative dedicated product', 'III', 7.00),
	(598, 'Accusantium eaque reiciendis est qui labore. Eum est ipsam itaque omnis perspiciatis fugiat. Earum e', 'Automated tangible hierarchy', 'MD', 1.00),
	(599, 'Est qui id fuga rerum molestiae voluptatem velit. Non voluptate animi porro ducimus. Pariatur dolore', 'Down-sized local superstructure', 'I', 8.00),
	(600, 'Eveniet enim nisi atque tempora numquam itaque aut. Tempore dignissimos aut similique saepe quas aut', 'Digitized needs-based initiative', 'I', 1.00);
/*!40000 ALTER TABLE `produto` ENABLE KEYS */;

/*!40101 SET SQL_MODE=IFNULL(@OLD_SQL_MODE, '') */;
/*!40014 SET FOREIGN_KEY_CHECKS=IF(@OLD_FOREIGN_KEY_CHECKS IS NULL, 1, @OLD_FOREIGN_KEY_CHECKS) */;
/*!40101 SET CHARACTER_SET_CLIENT=@OLD_CHARACTER_SET_CLIENT */;
